date,planned_cost_yuan,emergency_cost_yuan,emergency_energy_kwh,soc_start_kwh,soc_end_kwh,soc_min_kwh,soc_max_kwh,soc_link_residual_kwh
2025-02-01,31684.879942087613,148.04620833333385,26.29666666666685,8550.0,8550.0,1200.000000000001,10800.0,0.0
2025-02-02,64873.34509769833,62.94049583333329,28.89166666666665,8550.0,8550.0,1199.999999999999,10800.0,0.0
2025-02-03,62068.45365841582,24.822578258334055,6.969083333333515,8550.0,8550.0,1199.999999999999,10800.0,0.0
2025-02-04,63441.61952280057,213.14816645833326,99.87078333333329,8550.0,8550.0,1199.9999999999964,10800.0,0.0
2025-02-05,58960.101935635736,593.8907615416649,123.82583333333307,8550.0,8550.0,1199.9999999999973,10800.0,0.0
2025-02-06,60945.04339789833,371.1845408749999,118.22384999999986,8550.0,8550.0,1200.0,10800.000000000002,0.0
2025-02-07,27291.64992150166,235.7596608666663,38.872116666666614,8550.0,8550.0,1200.000000000001,10800.000000000004,0.0
2025-02-08,25625.015674349444,321.33324140000445,70.35858333333385,8550.0,8550.0,1200.0000000000018,10800.000000000005,0.0
2025-02-09,56930.43625004332,1498.5691924749976,553.8205833333325,8550.0,8550.0,1199.9999999999955,10800.0,0.0
2025-02-10,58141.711880986666,420.3086874416682,138.2430000000004,8550.0,8550.0,1200.0,10800.0,0.0
2025-02-11,58577.480962522706,479.4298156583353,90.44615000000044,8550.0,8550.0,1199.9999999999973,10800.0,0.0
2025-02-12,58119.3181768387,185.76426924166796,53.74093333333349,8550.0,8550.0,1199.9999999999964,10800.0,0.0
2025-02-13,57553.25800321333,602.3408991666632,145.4728333333327,8550.0,8550.0,1200.0,10800.0,0.0
2025-02-14,24540.31466774333,907.9169478250005,317.54825000000034,8550.0,8550.0,1199.9999999999964,10800.0,0.0
2025-02-15,23163.85572517666,1111.4098126666654,391.9598666666662,8550.0,8550.0,1199.9999999999964,10800.0,0.0
2025-02-16,56463.19632922832,689.6830838750004,215.61036666666712,8550.0,8550.0,1199.9999999999982,10800.0,0.0
2025-02-17,52798.06310753631,484.767537275002,112.49690000000044,8550.0,8550.0,1200.0,10800.0,0.0
2025-02-18,53426.78780286093,452.41598185833357,141.54368333333343,8550.0,8550.0,1200.0,10800.000000000002,0.0
2025-02-19,53648.91516499406,721.1310303499993,296.92053333333297,8550.0,8550.0,1199.9999999999964,10800.0,0.0
2025-02-20,50407.5016020664,2525.0678413083306,717.1460166666659,8550.0,8550.0,1199.9999999999982,10800.0,0.0
2025-02-21,22681.204268262773,502.56540279166643,148.80273333333326,8550.0,8550.0,1199.9999999999964,10800.0,0.0
2025-02-22,21930.370961075183,928.5141946166675,247.5434500000003,8550.0,8550.0,1200.0,10800.000000000002,0.0
2025-02-23,52602.61704190831,1103.0377032499996,367.3188999999994,8550.0,8550.0,1200.0000000000018,10800.000000000002,0.0
2025-02-24,50029.5251751624,628.0645526250004,157.8285333333332,8550.0,8550.0,1199.9999999999982,10800.0,0.0
2025-02-25,50523.45570746499,612.9373068583343,182.0247166666669,8550.0,8550.0,1199.9999999999973,10800.0,0.0
2025-02-26,51114.85793276691,451.37923005833215,130.68621666666638,8550.0,8550.0,1199.9999999999982,10800.0,0.0
2025-02-27,49779.1452044958,1322.1191402749978,309.94394999999963,8550.0,8550.0,1199.9999999999973,10800.0,0.0
2025-02-28,20896.600536830003,468.8647558916657,124.36488333333313,8550.0,8550.0,1200.0000000000036,10800.000000000004,0.0
2025-03-01,21387.203353839875,1133.2369761666655,310.6029999999997,8550.0,8550.0,1200.0000000000027,10800.000000000002,0.0
2025-03-02,50068.2066066524,9725.42694674166,2256.2055666666647,8550.0,8550.0,1199.999999999999,10800.0,0.0
2025-03-03,47977.19578487819,10891.603991175005,2661.570916666668,8550.0,8550.0,1200.0000000000018,10800.000000000004,0.0
2025-03-04,46389.14123585292,8479.685050683333,2587.2676833333335,8550.0,8550.0,1199.9999999999982,10800.0,0.0
2025-03-05,48757.04037782046,1165.658130083332,280.6469999999995,8550.0,8550.0,1200.000000000001,10800.000000000002,0.0
2025-03-06,47817.59607981834,2020.0604865500043,783.258883333335,8550.0,8550.0,1199.999999999999,10800.000000000002,0.0
2025-03-07,20502.426854311663,477.90923031666574,156.370183333333,8550.0,8550.0,1200.0000000000027,10800.000000000002,0.0
2025-03-08,20216.356638725,577.1788389833334,177.55818333333343,8550.0,8550.0,1200.0000000000018,10800.000000000004,0.0
2025-03-09,50502.504031425924,596.008435983334,186.71440000000018,8550.0,8550.0,1200.0000000000036,10800.000000000002,0.0
2025-03-10,50595.81781161621,1974.5953066833324,726.00715,8550.0,8550.0,1199.9999999999982,10800.0,0.0
2025-03-11,48183.09314155003,1123.235695825,338.11971666666716,8550.0,8550.0,1200.0,10800.0,0.0
2025-03-12,46176.12744331833,1485.0233259083332,438.5458833333329,8550.0,8550.0,1199.999999999999,10800.0,0.0
2025-03-13,44506.79863532724,7603.968727666667,1949.9411666666674,8550.0,5598.982111111111,1200.000000000001,10800.000000000002,0.0
2025-03-14,17217.57030598475,628.7359114666658,211.5598999999997,5598.982111111111,5570.441777777777,1199.999999999999,10800.0,0.0
2025-03-15,18623.438178881664,1670.30952892499,477.04733333333127,5570.441777777777,8550.0,1199.9999999999936,10799.999999999995,0.0
2025-03-16,44501.767117696145,3650.093846041672,1140.6979666666682,8550.0,8550.0,1200.0,10800.0,0.0
2025-03-17,46996.50077292999,644.7025770500024,148.23723333333362,8550.0,8550.0,1199.9999999999927,10800.0,0.0
2025-03-18,44540.417640541666,2858.9956337583344,680.2089333333339,8550.0,8550.0,1200.000000000001,10800.000000000005,0.0
2025-03-19,43735.86240631268,1927.301368799996,406.28541666666575,8550.0,8550.0,1199.999999999999,10800.000000000004,0.0
2025-03-20,45433.64681417606,1307.295288266664,336.8220333333328,8550.0,5101.770185185185,1200.000000000001,10800.000000000002,0.0
2025-03-21,16822.333957633004,864.3233882000031,316.71063333333376,5101.770185185185,5226.297981481483,1200.000000000001,10800.000000000004,0.0
2025-03-22,18651.997534756665,395.37162620833135,148.77658333333267,5226.297981481483,8550.0,1200.0000000000005,10800.000000000002,0.0
2025-03-23,43961.034755179266,2783.1516972166664,708.7117166666668,8550.0,8550.0,1200.0000000000036,10800.0,0.0
2025-03-24,40673.21301588965,5125.062368783334,1203.874116666667,8550.0,8550.0,1200.0000000000018,10800.0,0.0
2025-03-25,42664.16567446148,2584.0563232333343,764.060866666667,8550.0,8550.0,1200.000000000001,10800.0,0.0
2025-03-26,41800.72548887876,501.5844568250017,175.32943333333316,8550.0,8550.0,1199.999999999999,10800.000000000002,0.0
2025-03-27,41483.77188160965,727.5730277666687,309.56850000000054,8550.0,4751.740296296296,1200.0000000000018,10800.0,0.0
2025-03-28,16178.581598388477,1033.3120999333319,291.28593333333293,4751.740296296296,4630.437314814815,1199.9999999999995,10800.000000000004,0.0
2025-03-29,17853.29171717712,492.90411059166667,141.3884666666666,4630.437314814815,8550.0,1200.0,10800.000000000002,0.0
2025-03-30,40892.98928778166,3833.317087533331,839.0223666666661,8550.0,8550.0,1199.9999999999955,10800.0,0.0
2025-03-31,40733.46097759073,2838.81240669167,785.445700000001,8550.0,8550.0,1199.9999999999964,10800.0,0.0
2025-04-01,39123.32366638122,8500.40455777583,2869.2996751006367,8550.0,8550.0,1200.000000000001,10800.0,0.0
2025-04-02,36565.309690720314,19882.452303207785,5400.828232326905,8550.0,8550.0,1200.0000000000027,10800.000000000002,0.0
2025-04-03,37055.66683428439,3132.9466922262395,848.1773492128472,8550.0,4221.338908497835,1200.0000000000036,10800.000000000004,0.0
2025-04-04,15366.713647506494,779.3100285484707,283.1592503972297,4221.338908497835,3966.0905891836637,1200.0000000000018,10800.000000000004,0.0
2025-04-05,18559.79518194336,136.69261988988885,43.068800902942485,3966.0905891836637,8550.0,1199.999999999999,10799.999999999998,0.0
2025-04-06,37950.63178219379,3676.1762232761976,977.9786028021374,8550.0,8550.0,1200.0,10800.0,0.0
2025-04-07,38529.273339282656,1954.3791605831725,597.3116829545758,8550.0,8550.0,1200.0,10800.0,0.0
2025-04-08,38926.131292157486,7946.1926444553455,1687.8043320990496,8550.0,8550.0,1199.9999999999982,10800.0,0.0
2025-04-09,40074.09893009917,5843.763093746593,1499.1150153843985,8550.0,8550.0,1200.000000000001,10800.000000000002,0.0
2025-04-10,35849.49269169636,3485.398857763757,803.7202558168888,8550.0,3868.4320618186503,1199.9999999999982,10800.0,0.0
2025-04-11,14754.981525254214,1290.983638632581,402.5351779150459,3868.4320618186503,3810.733128024677,1200.0000000000005,10800.0,0.0
2025-04-12,19140.36077240797,213.58478108403753,90.26095306772709,3810.733128024677,8550.0,1200.0,10800.0,0.0
2025-04-13,38948.672238449166,2528.9548053104163,575.1273630660933,8550.0,8550.0,1200.0,10800.0,0.0
2025-04-14,37590.68877462074,3598.2643812029105,827.0840323836715,8550.0,8550.0,1199.9999999999982,10800.0,0.0
2025-04-15,37146.25728452834,2011.568733898363,461.13814061343885,8550.0,8550.0,1200.000000000001,10800.0,0.0
2025-04-16,39255.86858377001,895.4064125679688,227.75304969204086,8550.0,8550.0,1200.0000000000027,10800.0,0.0
2025-04-17,34139.352393618305,1836.4927232102655,603.1630664020649,8550.0,3398.289739834516,1199.999999999999,10800.000000000004,0.0
2025-04-18,14575.405469407073,828.8305090959637,284.33567001015933,3398.289739834516,3344.6163444872473,1199.9999999999968,10799.999999999998,0.0
2025-04-19,19603.483506510845,20.540687078301932,5.374329429173713,3344.6163444872473,8550.0,1199.9999999999995,10800.000000000005,0.0
2025-04-20,37784.180572562014,1659.5305123042908,389.4302542930017,8550.0,8550.0,1200.0000000000018,10800.0,0.0
2025-04-21,36803.207387725764,1329.8028865922176,354.7028627026923,8550.0,8550.0,1200.0,10800.000000000002,0.0
2025-04-22,32298.779262713215,12521.061874238087,3788.2367748855986,8550.0,8550.0,1199.9999999999982,10800.0,0.0
2025-04-23,37712.58717268188,940.9910778942187,233.8114170322582,8550.0,8550.0,1200.0000000000036,10800.000000000004,0.0
2025-04-24,33200.99205535881,936.4756717188839,227.69515350475467,8550.0,3045.5600105857343,1200.0,10800.0,0.0
2025-04-25,14165.128727502512,264.47961796658785,121.94601423298263,3045.5600105857343,3313.3118403343897,1200.0000000000002,10800.000000000002,0.0
2025-04-26,17473.651523321798,429.8025208782284,97.19186396242205,3313.3118403343897,8550.0,1200.0,10800.0,0.0
2025-04-27,33227.630637053066,7537.378208607173,1727.4938397664362,8550.0,8550.0,1200.0000000000045,10800.0,0.0
2025-04-28,33167.112176971874,23254.5209518575,6540.394690566521,8550.0,8550.0,1200.0000000000027,10800.0,0.0
2025-04-29,37485.38715025238,3250.138122238984,747.2496214544348,8550.0,8550.0,1200.000000000001,10800.0,0.0
2025-04-30,34527.36632824957,2967.766429690387,788.8498889019481,8550.0,8550.0,1200.0,10800.0,0.0
2025-05-01,31991.955728451623,14139.430194848564,3220.5284962705346,8550.0,2715.0458941558213,1200.0000000000064,10800.000000000004,0.0
2025-05-02,13316.557877703997,12231.509980641378,2753.9022129769814,2715.0458941558213,2633.4339860033483,1199.9999999999986,10800.0,0.0
2025-05-03,16656.554957657143,7883.614921605513,1648.7885063332715,2633.4339860033483,8550.000000000002,1199.9999999999986,10799.999999999998,0.0
2025-05-04,35784.32986514494,12322.717863921935,3595.8151091658037,8550.000000000002,8550.0,1200.000000000009,10800.000000000007,0.0
2025-05-05,39300.9398060845,12239.211830154542,2736.024277328802,8550.0,8550.0,1200.0000000000036,10800.000000000004,0.0
2025-05-06,35381.57439314318,15023.117264931683,3420.389136173695,8550.0,8550.0,1200.0000000000073,10800.000000000005,0.0
2025-05-07,35028.81292647954,21031.265644410545,4558.54881578022,8550.0,8550.0,1200.0000000000045,10800.000000000004,0.0
2025-05-08,35870.49216982001,8229.76893981277,2436.359927700413,8550.0,3102.5730410306837,1200.0,10800.0,0.0
2025-05-09,16720.93801655611,860.1841933201492,273.8861171488707,3102.5730410306837,2907.0996508967028,1199.9999999999995,10800.0,0.0
2025-05-10,18733.787991936515,1577.1881213339045,423.9074995266082,2907.0996508967028,8550.0,1199.9999999999977,10799.999999999996,0.0
2025-05-11,38118.294093768585,7481.86347535598,1692.8045724393237,8550.0,8550.0,1200.0,10800.0,0.0
2025-05-12,39949.46780493373,3419.670021984928,1320.2987890787706,8550.0,8550.0,1200.0000000000018,10800.000000000002,0.0
2025-05-13,38648.66492821263,3357.9836348937697,1170.823410266701,8550.0,8550.0,1200.000000000001,10800.000000000002,0.0
2025-05-14,40413.220482236255,708.4745477177019,316.3622537099152,8550.0,8550.0,1200.0000000000027,10800.000000000004,0.0
2025-05-15,37460.625483074036,3874.698975419481,962.6480100924966,8550.0,3015.632233518828,1200.0000000000018,10800.000000000002,0.0
2025-05-16,15767.806736791936,1629.276909930334,579.2162693023286,3015.632233518828,2922.9282017896285,1200.0,10799.999999999998,0.0
2025-05-17,18561.658120272863,1522.914524003581,472.9709737570887,2922.9282017896285,8550.0,1199.9999999999986,10800.0,0.0
2025-05-18,40089.24776210138,2634.7139077945258,879.947232061406,8550.0,8550.0,1200.0,10800.0,0.0
2025-05-19,38137.0676293672,3734.7113396833674,745.0504306634951,8550.0,8550.0,1199.999999999999,10800.0,0.0
2025-05-20,39035.64255143082,4231.940392394846,1098.7869938641732,8550.0,8550.0,1200.0000000000018,10800.000000000004,0.0
2025-05-21,38660.930336845806,4501.787259953709,1190.9641525380052,8550.0,8550.0,1199.9999999999982,10800.0,0.0
2025-05-22,35986.44108421456,1897.4436057491353,410.1095445651776,8550.0,2113.546115194145,1200.0,10800.0,0.0
2025-05-23,15130.735388043922,1259.936411091453,371.4085537048869,2113.546115194145,1997.0842191746183,1200.0000000000005,10800.000000000002,0.0
2025-05-24,18985.195834531823,720.5498522748431,220.75694860710945,1997.0842191746183,8550.0,1199.9999999999986,10799.999999999998,0.0
2025-05-25,38748.12370359764,2487.9296028318668,574.3004553531101,8550.0,8550.0,1199.999999999999,10800.0,0.0
2025-05-26,36021.387939601926,10469.982711444369,3476.1788393161823,8550.0,8550.0,1200.0000000000055,10800.000000000005,0.0
2025-05-27,39383.3268722231,893.8931905632878,262.9917863408856,8550.0,8550.0,1200.0000000000018,10800.000000000004,0.0
2025-05-28,37939.358916181685,4745.378218847035,1483.7080852284005,8550.0,8550.0,1200.0000000000027,10800.000000000004,0.0
2025-05-29,34512.861778013044,5967.76752831169,1386.8801249674639,8550.0,2148.078314814815,1200.0,10800.0,0.0
2025-05-30,14845.31894486686,2140.788076773445,517.6622571535536,2148.078314814815,2006.73275248146,1200.0000000000002,10800.000000000002,0.0
2025-05-31,17614.71243692711,2570.47050126671,684.4050591163139,2006.73275248146,8550.0,1199.9999999999993,10800.0,0.0
2025-06-01,36207.69992957917,59165.19834268833,15421.765740514502,8550.0,8550.0,1200.000000000001,10800.0,0.0
2025-06-02,39570.466381195525,41342.08073588478,9895.354881717813,8550.0,8550.0,1199.9999999999973,10800.0,0.0
2025-06-03,36887.381428854605,44884.91342342672,11164.975283901655,8550.0,8550.0,1200.000000000001,10800.000000000002,0.0
2025-06-04,38457.66149207391,43705.67012274866,10872.357213976213,8550.0,8550.0,1200.0000000000064,10800.000000000004,0.0
2025-06-05,36946.380859774894,41461.72791491262,10852.459987110415,8550.0,2456.1166935669044,1200.0,10800.0,0.0
2025-06-06,15246.28175735984,34045.69849481458,9091.864844147454,2456.1166935669044,2434.135408242837,1199.9999999999998,10800.000000000002,0.0
2025-06-07,17803.600913732753,30946.99443706753,7904.059527169036,2434.135408242837,8550.0,1200.0000000000002,10800.000000000002,0.0
2025-06-08,51938.29914795479,2046.3718641897099,564.0561941919814,8550.0,8550.0,1200.0000000000018,10800.000000000004,0.0
2025-06-09,50411.28076373115,5735.699314603811,1908.281359861684,8550.0,8550.0,1200.000000000001,10800.000000000004,0.0
2025-06-10,50434.4431251096,5844.855194309199,1844.2231671353888,8550.0,8550.0,1200.0000000000018,10800.000000000004,0.0
2025-06-11,50721.867209189535,14404.206937931187,3202.691696691386,8550.0,8550.0,1199.9999999999973,10800.0,0.0
2025-06-12,51490.128452493576,3750.976398372193,905.7681252750541,8550.0,7509.221593231456,1200.0,10800.000000000002,0.0
2025-06-13,25794.75706162959,1934.1777051626045,405.81335208752375,7509.221593231456,8299.989499325398,1200.0000000000055,10800.000000000005,0.0
2025-06-14,24978.505096203808,1074.5792892892903,295.1081014645116,8299.989499325398,8550.0,1200.0000000000055,10800.000000000004,0.0
2025-06-15,47997.776651256325,13688.17991405111,3121.331033368577,8550.0,8550.0,1199.9999999999955,10800.0,0.0
2025-06-16,52183.19976718822,4842.666178950762,1184.465310983414,8550.0,8550.0,1199.999999999999,10800.0,0.0
2025-06-17,52398.34608654366,7549.354041084927,1752.1048927759862,8550.0,8550.0,1200.000000000001,10800.000000000002,0.0
2025-06-18,56287.543427272874,633.1120018456342,206.30428018271402,8550.0,8550.0,1200.0,10800.000000000002,0.0
2025-06-19,52546.22653244616,2150.5837312962503,592.56094694119,8550.0,7070.202548800231,1199.999999999999,10800.0,0.0
2025-06-20,22638.529867816975,648.3314297374476,212.93052667939673,7070.202548800231,4953.953334621782,1200.0,10799.999999999998,0.0
2025-06-21,24923.969937363392,596.6348050583347,196.5216500000004,4953.953334621782,8550.0,1200.0000000000082,10800.000000000007,0.0
2025-06-22,52132.40266026649,889.7277611499997,338.1180333333334,8550.0,8550.0,1200.000000000001,10800.000000000002,0.0
2025-06-23,53014.13832721907,954.7857810644671,355.3312549451799,8550.0,8550.0,1199.9999999999973,10800.0,0.0
2025-06-24,54614.53766463984,8901.07713202745,2072.1767409765735,8550.0,8550.0,1199.9999999999973,10800.0,0.0
2025-06-25,51475.38476606576,3419.9072463714365,957.5331092244124,8550.0,8550.0,1199.999999999999,10800.000000000002,0.0
2025-06-26,47702.77678258655,2770.488288746983,694.6986173591531,8550.0,3334.735525678692,1200.0000000000018,10800.000000000004,0.0
2025-06-27,20915.702531850184,793.8113710684727,264.0965897334435,3334.735525678692,3028.3945859641253,1199.9999999999995,10799.999999999998,0.0
2025-06-28,22396.70626237602,2764.4551918639227,687.6804181438744,3028.3945859641253,8550.0,1200.0000000000002,10800.0,0.0
2025-06-29,49083.783440642714,7444.6900627082505,1791.517835635737,8550.0,8550.0,1199.999999999999,10800.0,0.0
2025-06-30,49676.88740883927,7516.572024916666,2012.698883333333,8550.0,8550.0,1200.0000000000018,10800.000000000004,0.0
2025-07-01,55946.727037218894,20137.09259057619,5883.67266307924,8550.0,8550.0,1200.0000000000036,10800.000000000005,0.0
2025-07-02,51210.08078426074,24370.13849152416,6963.637219162101,8550.0,8550.0,1200.000000000001,10800.000000000002,0.0
2025-07-03,46811.78997165926,33370.22207140764,9167.836766522089,8550.0,2819.195427608942,1200.0000000000027,10800.000000000004,0.0
2025-07-04,20101.978203096995,22912.71783597194,6627.4139884142505,2819.195427608942,3157.8616632346593,1200.0,10800.000000000004,0.0
2025-07-05,22480.956655218615,26100.73214833268,7128.379804873557,3157.8616632346593,8550.0,1199.9999999999977,10800.0,0.0
2025-07-06,50692.24009414214,31600.660975963707,8297.898916393264,8550.0,8550.0,1199.9999999999973,10800.0,0.0
2025-07-07,51211.394548157856,22616.729383682843,6500.780135943556,8550.0,8550.0,1199.9999999999973,10800.0,0.0
2025-07-08,57932.53367460519,3958.656986032228,1007.8866187360054,8550.0,8550.0,1200.0000000000027,10800.000000000004,0.0
2025-07-09,53928.38773717324,4826.7751388084125,1115.3653557843659,8550.0,8550.0,1200.0000000000027,10800.000000000004,0.0
2025-07-10,56379.8112336285,2217.241533674116,623.3305837251066,8550.0,3713.9974311173864,1199.999999999999,10800.0,0.0
2025-07-11,26788.48365245861,3568.315995129401,1361.0301057436222,3713.9974311173864,3672.1123749284498,1200.000000000001,10800.0,0.0
2025-07-12,29691.950272500726,1375.5331534997204,462.5158409017463,3672.1123749284498,8550.0,1200.0,10800.0,0.0
2025-07-13,59162.72863981921,1143.6831222333365,234.16690000000074,8550.0,8550.0,1200.0000000000018,10800.000000000004,0.0
2025-07-14,53882.049673306945,2544.9996588154027,485.0389218520531,8550.0,8550.0,1200.000000000001,10800.000000000002,0.0
2025-07-15,56563.372439079554,5268.126699362534,1996.655923089259,8550.0,8550.0,1200.0,10800.000000000002,0.0
2025-07-16,54429.55755500989,3792.55390221585,1025.520709400535,8550.0,8550.0,1199.999999999999,10800.0,0.0
2025-07-17,53077.51787476761,4082.6648320833388,1171.7001666666679,8550.0,5993.702200177135,1199.999999999999,10800.0,0.0
2025-07-18,26528.57171993697,1572.9459454072755,332.2589337995919,5993.702200177135,4011.8113572228494,1200.0000000000036,10800.000000000004,0.0
2025-07-19,29359.626705684546,1097.4315451668404,366.84696600813896,4011.8113572228494,8550.0,1200.0000000000018,10800.0,0.0
2025-07-20,52236.8538585594,4618.622499393781,1521.5758578870173,8550.0,8550.0,1200.0000000000027,10800.000000000004,0.0
2025-07-21,53501.64309228705,4208.5008187893,1270.7237418035327,8550.0,8550.0,1200.0000000000036,10800.000000000004,0.0
2025-07-22,53407.543762334666,4578.261518105262,1243.3499031105716,8550.0,8550.0,1200.0000000000018,10800.000000000004,0.0
2025-07-23,53604.30068826571,4299.261711366084,1079.5369070620625,8550.0,8550.0,1200.0,10800.0,0.0
2025-07-24,52164.982894958535,5444.1327120517435,1531.8867412848977,8550.0,4996.772778636564,1199.9999999999982,10800.0,0.0
2025-07-25,25593.907112017292,946.330943132781,267.52824851424805,4996.772778636564,2657.165202362779,1200.0,10800.0,0.0
2025-07-26,29005.429332508735,1642.6658336935202,586.1275349091661,2657.165202362779,8550.0,1200.0000000000005,10800.0,0.0
2025-07-27,53575.52240000853,5186.1873965956565,1331.5276032564957,8550.0,8550.0,1200.000000000001,10800.000000000002,0.0
2025-07-28,54878.439419700924,3241.6421858696613,843.0595453698938,8550.0,8550.0,1199.999999999999,10800.0,0.0
2025-07-29,54270.32437801956,5896.717630233448,1879.441454499249,8550.0,8550.0,1199.9999999999973,10800.0,0.0
2025-07-30,55076.82293462022,1476.0499240127997,401.591730354335,8550.0,8550.0,1200.000000000001,10800.000000000004,0.0
2025-07-31,52502.04568521047,5022.191908009165,1127.813823672611,8550.0,3506.4750074176472,1200.0,10800.0,0.0
2025-08-01,25598.743994985063,922.6493073365223,354.76000845096735,3506.4750074176472,3363.574146592209,1200.000000000001,10800.000000000004,0.0
2025-08-02,28904.64224356765,494.884571385091,125.11354261165388,3363.574146592209,8550.0,1200.000000000001,10800.000000000004,0.0
2025-08-03,54678.15552334625,595.8025682135096,174.54496048347335,8550.0,8550.0,1200.0,10800.000000000002,0.0
2025-08-04,56933.784085886204,917.4896562718809,304.4262246612989,8550.0,8550.0,1200.0,10800.000000000002,0.0
2025-08-05,55648.172914518305,890.6032313202255,250.57992967480175,8550.0,8550.0,1200.000000000001,10800.000000000002,0.0
2025-08-06,55297.82043282408,1396.6880381209999,393.2404192599144,8550.0,8550.0,1200.0000000000027,10800.000000000004,0.0
2025-08-07,52796.133089907235,802.5618328403547,275.92662537237186,8550.0,2733.754933823212,1199.9999999999973,10800.0,0.0
2025-08-08,25429.1182332717,1258.0613503308455,332.7898723216171,2733.754933823212,3303.847549272277,1200.0000000000002,10800.0,0.0
2025-08-09,27452.182655869852,1107.8267715866364,376.7253109660992,3303.847549272277,8550.0,1199.9999999999986,10800.0,0.0
2025-08-10,48031.897765631395,5912.072120181605,1620.0979182525668,8550.0,8550.0,1200.0,10800.0,0.0
2025-08-11,49423.94108330885,2198.5236432916645,544.1575666666666,8550.0,8550.0,1199.9999999999964,10800.0,0.0
2025-08-12,49208.60844659514,4701.31301609055,1102.6649287684052,8550.0,8550.0,1199.9999999999955,10800.0,0.0
2025-08-13,51053.65146281234,2106.0076157162653,590.5409925319213,8550.0,8550.0,1199.9999999999973,10800.0,0.0
2025-08-14,45975.78323694767,4572.835036696364,1082.2127820963933,8550.0,3632.128860381931,1199.9999999999982,10800.0,0.0
2025-08-15,24533.46025794617,1329.0958146857797,442.69932337855016,3632.128860381931,3497.4608924375552,1199.9999999999995,10800.0,0.0
2025-08-16,27108.345270823018,1311.3944230279642,322.93793055485895,3497.4608924375552,8550.0,1199.999999999999,10799.999999999996,0.0
2025-08-17,48987.640132303524,2942.2384661094175,715.2286056069481,8550.0,8550.0,1199.9999999999982,10800.0,0.0
2025-08-18,48554.602290223906,4951.9337879088735,1177.6740917204888,8550.0,8550.0,1200.000000000001,10800.000000000004,0.0
2025-08-19,50817.17357802775,1507.419934367494,394.1209738297999,8550.0,8550.0,1200.0,10800.0,0.0
2025-08-20,49806.51731880409,8446.043578371107,1986.2073809696647,8550.0,8550.0,1199.9999999999982,10800.0,0.0
2025-08-21,47113.33791850127,4311.862049029938,1097.1004309838754,8550.0,3448.462398502501,1199.999999999999,10800.000000000002,0.0
2025-08-22,24271.216656641016,3592.4361543361056,864.2814409982086,3448.462398502501,3125.242835441164,1200.0000000000005,10800.000000000004,0.0
2025-08-23,27259.238005455638,1227.8752039951767,356.3312346151348,3125.242835441164,8550.0,1200.000000000001,10800.000000000004,0.0
2025-08-24,48555.19985486828,4900.136889487872,1176.959264630885,8550.0,8550.0,1199.9999999999973,10800.0,0.0
2025-08-25,48922.808135152394,12064.03423627113,3664.3277765991534,8550.0,8550.0,1199.9999999999982,10800.0,0.0
2025-08-26,48667.39037604941,4299.545049311419,973.2556798308175,8550.0,8550.0,1200.0000000000018,10800.000000000004,0.0
2025-08-27,52139.607464147695,3455.048836830074,854.0378297109703,8550.0,8550.0,1200.000000000001,10800.000000000002,0.0
2025-08-28,47086.414767663504,10672.488124525655,2838.495079358554,8550.0,3483.7484259259254,1200.0000000000036,10800.000000000004,0.0
2025-08-29,25256.336786969412,3448.3570455421814,797.9024798353912,3483.7484259259254,3385.451877061685,1199.9999999999982,10800.0,0.0
2025-08-30,27235.234002897785,1846.0734362704563,463.00412778709523,3385.451877061685,8550.0,1200.0,10800.0,0.0
2025-08-31,48843.876960223744,4891.9296638867945,1658.3075082056916,8550.0,8550.0,1200.0000000000027,10800.000000000004,0.0
2025-09-01,52331.65953961578,0.0,0.0,8550.0,8550.0,1199.9999999999964,10800.0,0.0
2025-09-02,49578.43143685821,472.129060557475,126.36549232959817,8550.0,8550.0,1199.9999999999982,10800.0,0.0
2025-09-03,51304.735933811506,48.143206999998526,13.251616666666223,8550.0,8550.0,1200.0,10800.000000000002,0.0
2025-09-04,50901.20131757863,440.493304925,112.78540000000001,8550.0,4828.518265955177,1200.0000000000018,10800.000000000004,0.0
2025-09-05,24984.06777780038,0.0,0.0,4828.518265955177,3323.8667008644634,1199.999999999999,10800.0,0.0
2025-09-06,27894.799834141595,1010.1948173267215,240.7618154433101,3323.8667008644634,8550.0,1200.0000000000005,10800.000000000004,0.0
2025-09-07,50339.1795705462,327.37010663234366,68.10991081024798,8550.0,8550.0,1199.9999999999973,10800.0,0.0
2025-09-08,40905.32490061209,10040.668250347135,2400.1922517515864,8550.0,8550.0,1199.9999999999964,10800.0,0.0
2025-09-09,41241.436756975214,6721.927700630917,1572.2676930450893,8550.0,8550.0,1200.0000000000027,10800.000000000004,0.0
2025-09-10,42680.419238866474,9434.996479326328,2159.413083549267,8550.0,8550.0,1200.0000000000027,10800.000000000004,0.0
2025-09-11,39695.35957630875,1861.1899418406806,429.00054249625083,8550.0,3813.542407407407,1200.0000000000036,10800.000000000004,0.0
2025-09-12,18528.171531921707,3214.320485373438,772.2582572506517,3813.542407407407,4124.457064951557,1199.9999999999964,10799.999999999996,0.0
2025-09-13,20702.38410875178,3612.350298101739,865.0164266387179,4124.457064951557,8550.0,1199.9999999999973,10799.999999999996,0.0
2025-09-14,41525.86624763844,5868.069902991045,1488.3354805846825,8550.0,8550.0,1200.0000000000036,10800.000000000007,0.0
2025-09-15,44168.622658013956,3668.017189349493,902.9181045030521,8550.0,8550.0,1199.999999999999,10800.000000000002,0.0
2025-09-16,41375.12656340803,5329.070714925544,1802.9945279431622,8550.0,8550.0,1200.0000000000027,10800.000000000002,0.0
2025-09-17,45751.38088681121,1760.4612090073206,509.0321551234756,8550.0,8550.0,1199.999999999999,10800.0,0.0
2025-09-18,39533.73199869656,4980.205057560009,1282.2458911490362,8550.0,4651.847364689136,1199.999999999999,10800.000000000002,0.0
2025-09-19,19203.076719854944,2368.151904960953,629.647027694843,4651.847364689136,4530.04002769281,1200.0000000000005,10800.000000000005,0.0
2025-09-20,21741.265714419544,1025.544163255878,312.9404658624102,4530.04002769281,8550.0,1199.999999999999,10800.0,0.0
2025-09-21,45337.24756353921,1542.552334610321,399.7923662020369,8550.0,8550.0,1200.0,10800.000000000002,0.0
2025-09-22,42937.84299133849,7492.668957847113,2436.7343709227634,8550.0,8550.0,1200.0000000000018,10800.000000000004,0.0
2025-09-23,44944.55020127569,4509.283847985474,1019.9203829940423,8550.0,8550.0,1200.0,10800.000000000002,0.0
2025-09-24,45224.09976056271,3712.2196330121806,1048.5175111034741,8550.0,8550.0,1199.999999999999,10800.0,0.0
2025-09-25,43143.2281062113,5345.9955993060885,1396.1336561169383,8550.0,4858.219214123746,1200.000000000001,10800.000000000004,0.0
2025-09-26,20351.167380120045,491.5367074172415,137.97638057684674,4858.219214123746,5480.999592156157,1199.9999999999995,10800.0,0.0
2025-09-27,21392.849321380116,4017.073243873957,1031.966158452906,5480.999592156157,8550.0,1200.0000000000018,10800.000000000004,0.0
2025-09-28,44028.465695439896,8019.687928941823,1853.2992590387712,8550.0,8550.0,1200.0000000000027,10800.000000000004,0.0
2025-09-29,45483.986432999314,2171.104284967065,540.304040955179,8550.0,8550.0,1199.9999999999964,10800.0,0.0
2025-09-30,47555.46937029672,2197.7630184962472,646.8725155655662,8550.0,8550.0,1199.9999999999955,10800.0,0.0
2025-10-01,46240.57345643218,62.744541433332934,26.293649999999843,8550.0,8550.0,1199.9999999999982,10800.000000000002,0.0
2025-10-02,44612.766994958736,285.095781216665,122.57636666666588,8550.0,5472.857849259259,1199.9999999999964,10800.0,0.0
2025-10-03,19907.46492210238,128.33119736666583,53.64351666666636,5472.857849259259,5585.234999999999,1199.9999999999973,10799.999999999998,0.0
2025-10-04,22445.825259649795,185.26556600452093,56.39315668379487,5585.234999999999,8550.0,1200.0000000000018,10800.000000000004,0.0
2025-10-05,47402.16302969206,328.4260802143608,134.77622568129289,8550.0,8550.0,1200.0,10800.0,0.0
2025-10-06,47301.61679094918,354.572669965798,110.46384913853626,8550.0,8550.0,1200.0,10800.000000000004,0.0
2025-10-07,49658.27874489543,54.60889971666672,25.28236666666669,8550.0,8550.0,1199.999999999999,10800.000000000004,0.0
2025-10-08,39302.13630448758,6682.020020176868,2059.0501005551,8550.0,8550.0,1199.9999999999982,10800.0,0.0
2025-10-09,38746.66767093835,3509.2029725651955,911.0553388871595,8550.0,5440.343065308185,1200.0,10800.000000000004,0.0
2025-10-10,17413.26326727619,2227.7795147656425,596.1994923448208,5440.343065308185,6079.823777777779,1200.000000000001,10800.000000000002,0.0
2025-10-11,19361.125374152653,391.9857613916673,99.31411666666685,6079.823777777779,8550.0,1199.999999999999,10799.999999999996,0.0
2025-10-12,41637.1689966522,2215.121659024971,756.5982412931701,8550.0,8550.0,1199.9999999999982,10800.0,0.0
2025-10-13,43801.373564420166,309.85403116666754,99.64190000000025,8550.0,8550.0,1200.0000000000018,10800.000000000004,0.0
2025-10-14,43621.785455359095,2149.6146729499997,578.1777999999999,8550.0,8550.0,1200.0,10800.0,0.0
2025-10-15,42646.15554664423,5033.601571101433,1218.0107340140048,8550.0,8550.0,1199.999999999999,10800.000000000002,0.0
2025-10-16,41264.96897360452,9043.64550751785,2223.9644939993645,8550.0,5725.444425925925,1200.0,10800.000000000002,0.0
2025-10-17,18259.54924123658,669.5416645336098,219.29390817625688,5725.444425925925,6321.008536019022,1200.0,10800.0,0.0
2025-10-18,19171.910892320346,1569.3241696545788,481.45852833656204,6321.008536019022,8550.0,1200.0,10800.000000000004,0.0
2025-10-19,43674.64123238609,8883.004206750356,2241.215586053507,8550.0,8550.0,1199.999999999999,10800.0,0.0
2025-10-20,43579.58093497022,6340.918264680485,1820.507308685843,8550.0,8550.0,1199.9999999999982,10800.0,0.0
2025-10-21,45589.0623514743,4570.3524017635755,1401.0312481541541,8550.0,8550.0,1199.9999999999964,10800.0,0.0
2025-10-22,45687.76662757069,8382.429003142548,1825.491900961567,8550.0,8550.0,1200.0000000000018,10800.0,0.0
2025-10-23,46138.35001453609,1479.8896788352022,467.1765744119699,8550.0,6137.884537037036,1200.0000000000036,10800.000000000002,0.0
2025-10-24,18510.54961351084,1656.425152458331,416.1325166666662,6137.884537037036,6179.201574074074,1200.000000000001,10800.000000000004,0.0
2025-10-25,19781.054815303898,1176.6687960083352,336.6458166666672,6179.201574074074,8550.0,1200.000000000001,10800.0,0.0
2025-10-26,48124.66643309264,1196.661793288219,457.0195502890265,8550.0,8550.0,1199.9999999999955,10800.0,0.0
2025-10-27,48043.86551156243,1683.8886343583376,451.90481666666767,8550.0,8550.0,1199.9999999999945,10800.0,0.0
2025-10-28,49194.12459042178,1001.0418828333318,283.9733166666664,8550.0,8550.0,1200.0000000000018,10800.000000000002,0.0
2025-10-29,48887.844517755526,1862.5241342695645,664.3704000932995,8550.0,8550.0,1200.000000000001,10800.000000000002,0.0
2025-10-30,47122.379434022034,1672.4897459083318,420.22729999999956,8550.0,7287.152129629629,1199.9999999999982,10800.000000000002,0.0
2025-10-31,19331.186213675428,1013.7973459059918,319.58435156797344,7287.152129629629,6647.1487226377,1200.0000000000018,10800.0,0.0
2025-11-01,20387.399288998648,738.4177449987229,268.35060531360324,6647.1487226377,8550.0,1200.0,10800.000000000004,0.0
2025-11-02,48045.20379521208,2597.5987579969533,613.5950020176674,8550.0,8550.0,1199.9999999999964,10800.0,0.0
2025-11-03,47964.795222646455,8234.442272232634,2868.4632320098326,8550.0,8550.0,1200.0,10800.0,0.0
2025-11-04,49258.31749047768,1581.4592642878042,451.0836850890407,8550.0,8550.0,1200.000000000001,10800.0,0.0
2025-11-05,51786.315087745184,1545.0827840125914,457.43761843899017,8550.0,8550.0,1200.0000000000018,10800.0,0.0
2025-11-06,48018.41260227735,9737.112220504132,2547.259187122905,8550.0,7563.146537037037,1200.0000000000027,10800.000000000002,0.0
2025-11-07,20326.46430806019,1199.4109454877675,325.8877225915561,7563.146537037037,7377.297947002812,1200.000000000001,10800.000000000002,0.0
2025-11-08,20487.068829218333,497.88655716180347,141.0022417661903,7377.297947002812,8550.0,1199.9999999999982,10800.0,0.0
2025-11-09,51697.46689722457,1429.4491591741153,457.8037770054067,8550.0,8550.0,1200.000000000001,10800.0,0.0
2025-11-10,51816.65865099752,3424.470610016663,728.4733833333323,8550.0,8550.0,1200.0000000000027,10800.000000000002,0.0
2025-11-11,50251.82262416351,2453.164408578684,673.4931333922716,8550.0,8550.0,1200.0,10800.0,0.0
2025-11-12,51694.38802519796,1029.6373537069016,211.77365115649695,8550.0,8550.0,1200.0,10800.0,0.0
2025-11-13,53213.523270982194,1349.3077288166685,366.7499000000005,8550.0,7950.0,1199.9999999999964,10800.0,0.0
2025-11-14,20695.690561222185,1959.2732857166675,636.5043333333333,7950.0,7950.0,1200.0,10799.999999999998,0.0
2025-11-15,20991.456800400785,985.9583514305115,333.6577850903846,7950.0,8550.0,1200.0000000000055,10800.000000000004,0.0
2025-11-16,53765.864168829874,3266.5875393366,932.1342759552325,8550.0,8550.0,1199.9999999999982,10800.0,0.0
2025-11-17,55398.249586588914,635.1861782833311,222.0332499999995,8550.0,8550.0,1200.000000000001,10800.0,0.0
2025-11-18,53737.77870504611,1916.7104056047874,701.4272762730554,8550.0,8550.0,1200.0,10800.0,0.0
2025-11-19,53530.04479340458,2816.5131190699512,842.577450885206,8550.0,8550.0,1199.9999999999973,10800.0,0.0
2025-11-20,54166.04324680759,1333.1445061083334,400.4039833333334,8550.0,8550.0,1199.9999999999964,10800.0,0.0
2025-11-21,22431.775385945835,823.2530640959776,358.30713250280616,8550.0,8550.0,1200.0000000000036,10800.000000000002,0.0
2025-11-22,22698.885650864257,504.99739075543823,178.3900671775708,8550.0,8550.0,1200.0,10800.0,0.0
2025-11-23,55787.933413163446,1063.5648740806537,282.34347569515734,8550.0,8550.0,1200.000000000001,10800.0,0.0
2025-11-24,54492.305466825645,1771.5124810500017,513.2460166666671,8550.0,8550.0,1199.9999999999964,10800.0,0.0
2025-11-25,55570.51645986946,1307.7056216691694,424.3786388094402,8550.0,8550.0,1199.999999999999,10800.0,0.0
2025-11-26,56145.97683728323,1506.2918110896524,541.776474507322,8550.0,8550.0,1199.9999999999982,10800.000000000002,0.0
2025-11-27,56391.95859370626,856.7762790083343,269.7080166666666,8550.0,8550.0,1199.9999999999982,10800.0,0.0
2025-11-28,23214.157695929236,499.03722945833226,164.43008333333302,8550.0,8550.0,1199.9999999999964,10800.0,0.0
2025-11-29,23786.09880449299,2891.2800229833297,1136.5333999999984,8550.0,8550.0,1200.0000000000036,10800.000000000004,0.0
2025-11-30,56301.71122326136,6530.058472650018,1969.8828631135796,8550.0,8550.0,1199.999999999999,10800.0,0.0
2025-12-01,57293.625877408456,13914.934215667017,3869.2173595537633,8550.0,8550.0,1200.0,10800.0,0.0
2025-12-02,53952.38884269964,29947.612249966427,8321.074831307496,8550.0,8550.0,1199.9999999999973,10800.0,0.0
2025-12-03,62926.767744333425,2759.1600893938935,998.1628164015226,8550.0,8550.0,1199.9999999999982,10800.0,0.0
2025-12-04,61580.378749883435,6260.787473513045,1677.3231313289768,8550.0,8550.0,1199.999999999999,10800.000000000002,0.0
2025-12-05,29278.773665050536,914.5695540141623,368.5783273751089,8550.0,8550.0,1200.000000000001,10800.000000000002,0.0
2025-12-06,30029.5509465936,1292.198892522607,455.7547065427322,8550.0,8550.0,1200.0000000000064,10800.000000000004,0.0
2025-12-07,65147.318990094675,1283.0882523254936,379.12018102324066,8550.0,8550.0,1199.9999999999982,10800.0,0.0
2025-12-08,71120.22829310456,132.16014004220747,45.00827066100078,8550.0,8550.0,1199.9999999999982,10800.0,0.0
2025-12-09,72290.11082016546,0.0,0.0,8550.0,8550.0,1199.999999999999,10800.0,0.0
2025-12-10,68470.61222929851,97.83097045366856,24.22973846542095,8550.0,8550.0,1199.9999999999964,10800.0,0.0
2025-12-11,68623.23948189849,74.1122197773596,34.99647807517522,8550.0,8550.0,1199.9999999999982,10800.0,0.0
2025-12-12,32968.46720984842,518.6152914620874,214.91150386062685,8550.0,8550.0,1200.0000000000027,10800.000000000002,0.0
2025-12-13,35642.91325498,0.0,0.0,8550.0,8550.0,1200.0000000000064,10800.000000000005,0.0
2025-12-14,67464.41204228907,299.7683027388248,69.06848924528151,8550.0,8550.0,1199.999999999999,10800.0,0.0
2025-12-15,67886.58795220855,60.92862013541527,25.57673490291154,8550.0,8550.0,1199.9999999999982,10800.0,0.0
2025-12-16,67494.20528313387,717.1462541794817,256.4494450202124,8550.0,8550.0,1199.9999999999964,10800.0,0.0
2025-12-17,65813.18727546558,2069.010412897756,498.42424106044973,8550.0,8550.0,1199.9999999999982,10800.0,0.0
2025-12-18,63092.412776965255,3397.1911241382527,1104.4936255520724,8550.0,8550.0,1200.0,10800.0,0.0
2025-12-19,32963.89819132403,111.6722540370999,51.447799585796474,8550.0,8550.0,1200.0,10800.0,0.0
2025-12-20,31811.69273183665,129.94565721730788,60.56680167881535,8550.0,8550.0,1200.000000000009,10800.000000000005,0.0
2025-12-21,63043.8521881375,3805.7703937775377,1037.309713238332,8550.0,8550.0,1199.999999999999,10800.0,0.0
2025-12-22,65956.51020768401,1923.3261210259661,545.7257487402904,8550.0,8550.0,1199.999999999999,10800.000000000002,0.0
2025-12-23,65205.19380893337,842.2981383370421,289.879307831054,8550.0,8550.0,1199.9999999999982,10800.0,0.0
2025-12-24,61180.181219218175,6457.0490497236415,1699.1247960494009,8550.0,8550.0,1199.9999999999973,10800.0,0.0
2025-12-25,62785.97702967729,4767.160195212278,1413.943437216774,8550.0,8550.0,1199.999999999999,10800.0,0.0
2025-12-26,30185.167577170152,1077.41430596018,387.01219965235845,8550.0,8550.0,1200.0000000000036,10800.0,0.0
2025-12-27,30214.604530252513,1219.290103210163,344.84965893511105,8550.0,8550.0,1200.0,10800.0,0.0
2025-12-28,62921.24182399193,4477.544167643333,1129.9463046039082,8550.0,8550.0,1200.0,10800.0,0.0
2025-12-29,62264.70346356438,3437.9756087832084,1085.1776328071223,8550.0,8550.0,1199.999999999999,10800.0,0.0
2025-12-30,61371.53185386056,4436.329656421527,1295.130445994063,8550.0,8550.0,1199.999999999999,10800.0,0.0
2025-12-31,61809.76109692551,6161.1269373866035,1879.71780272334,8550.0,8550.0,1199.9999999999982,10800.0,0.0
