date,interval,hour,actual_net_kw,forecast_net_kw,planned_grid_kw,emergency_kw
2025-03-20,0,0.0,3299.0689,3617.1513999999997,8796.019400000001,0.0
2025-03-20,1,0.16666666666666666,3421.881,3585.3143,8731.9156,0.0
2025-03-20,2,0.3333333333333333,3683.11,3514.2099999999996,3661.3099999999995,21.800000000000637
2025-03-20,3,0.5,3476.7369999999996,3566.7633,3758.1892000000007,0.0
2025-03-20,4,0.6666666666666666,3302.6694999999995,3529.764,3732.7352,0.0
2025-03-20,5,0.8333333333333334,3426.9399999999996,3390.5999999999995,3625.0599999999995,0.0
2025-03-20,6,1.0,3609.5342999999993,3352.8783,3601.2208,8.313499999999294
2025-03-20,7,1.1666666666666667,3668.9025,3308.9055,3482.5741,186.32840000000033
2025-03-20,8,1.3333333333333333,3589.3,3260.0799999999995,3368.0399999999995,221.26000000000067
2025-03-20,9,1.5,3503.6156999999994,3353.4583999999995,3488.7169999999996,14.898699999999963
2025-03-20,10,1.6666666666666667,3545.9703,3552.8392,3641.7391,0.0
2025-03-20,11,1.8333333333333333,3590.66,3655.7299999999996,3812.0199999999995,0.0
2025-03-20,12,2.0,3395.9017,3484.6496,3628.0578000000005,0.0
2025-03-20,13,2.1666666666666665,3276.7246,3416.4268999999995,3520.3035999999993,0.0
2025-03-20,14,2.3333333333333335,3394.28,3529.1899999999996,3664.91,0.0
2025-03-20,15,2.5,3587.5594,3565.0967,3640.8894999999993,0.0
2025-03-20,16,2.6666666666666665,3605.7267999999995,3662.8512,3785.2863000000007,0.0
2025-03-20,17,2.8333333333333335,3522.79,3749.1399999999994,3889.6399999999994,0.0
2025-03-20,18,3.0,3631.2617999999998,3576.3344,3731.6393000000007,0.0
2025-03-20,19,3.1666666666666665,3731.3543,3450.3953,3596.6852,134.66909999999984
2025-03-20,20,3.3333333333333335,3721.0099999999998,3522.37,3573.66,147.34999999999968
2025-03-20,21,3.5,3699.7384999999995,3631.228,3759.1395999999995,0.0
2025-03-20,22,3.6666666666666665,3674.7824999999993,3569.4386,3623.2489,51.533599999999296
2025-03-20,23,3.8333333333333335,3623.58,3455.0399999999995,3634.6799999999994,0.0
2025-03-20,24,4.0,3538.7677999999996,3583.9837999999995,3578.2639,0.0
2025-03-20,25,4.166666666666667,3488.7842999999993,3645.8233,3738.8324999999995,0.0
2025-03-20,26,4.333333333333333,3513.51,3577.0699999999997,3707.0899999999992,0.0
2025-03-20,27,4.5,3598.3508,3630.434399999999,3781.8102,0.0
2025-03-20,28,4.666666666666667,3700.4358999999995,3717.5033999999996,3851.4527,0.0
2025-03-20,29,4.833333333333333,3753.57,3727.0699999999997,3842.8399999999992,0.0
2025-03-20,30,5.0,3716.6034999999997,3652.2488999999996,3780.522499999999,0.0
2025-03-20,31,5.166666666666667,3707.0663999999997,3627.5869,3814.810199999999,0.0
2025-03-20,32,5.333333333333333,3642.69,3625.87,3701.37,0.0
2025-03-20,33,5.5,3452.5804,3601.9743,8687.6701,0.0
2025-03-20,34,5.666666666666667,4028.7786999999994,4178.7819,4322.377199999999,0.0
2025-03-20,35,5.833333333333333,4962.09,4976.26,66.29000000000042,0.0
2025-03-20,36,6.0,4751.699600000001,4875.966,0.0,0.0
2025-03-20,37,6.166666666666667,4259.7799,4581.402099999999,0.0,0.0
2025-03-20,38,6.333333333333333,4028.2249999999995,4409.775,0.0,0.0
2025-03-20,39,6.5,3774.2692000000006,3987.4595,446.6180000000054,0.0
2025-03-20,40,6.666666666666667,3516.9354999999996,3560.0534,3599.2528999999995,0.0
2025-03-20,41,6.833333333333333,3187.0925,3215.0025,3258.5374999999995,0.0
2025-03-20,42,7.0,2679.4530000000004,2834.5160000000005,2886.3213000000005,0.0
2025-03-20,43,7.166666666666667,2407.449699999999,2735.2011,2805.4831000000004,0.0
2025-03-20,44,7.333333333333333,2217.4624999999996,2576.6449999999995,2574.4925000000003,0.0
2025-03-20,45,7.5,1684.1412,1842.4560999999999,6869.7288,0.0
2025-03-20,46,7.666666666666667,2007.4684000000002,2265.5290999999997,2378.5300000000007,0.0
2025-03-20,47,7.833333333333333,2929.0775000000003,3341.2199999999993,0.0,0.0
2025-03-20,48,8.0,2896.8230999999996,2755.5168999999996,0.0,0.0
2025-03-20,49,8.166666666666666,2630.228399999999,2108.2379,0.0,278.6537999999989
2025-03-20,50,8.333333333333334,2466.9450000000006,2144.1400000000003,0.0,99.41500000000065
2025-03-20,51,8.5,1996.0330999999987,1991.0354000000002,0.0,0.0
2025-03-20,52,8.666666666666666,1668.0308,1754.0262999999986,0.0,0.0
2025-03-20,53,8.833333333333334,1576.9225000000008,1519.8225000000002,0.0,0.0
2025-03-20,54,9.0,1327.7026,1190.0597000000002,0.0,0.0
2025-03-20,55,9.166666666666666,903.1102000000001,1041.6736000000005,0.0,0.0
2025-03-20,56,9.333333333333334,463.1125000000002,1056.9525000000003,0.0,0.0
2025-03-20,57,9.5,216.56850000000122,953.8176999999998,0.0,0.0
2025-03-20,58,9.666666666666666,247.54409999999916,945.9216000000006,0.0,0.0
2025-03-20,59,9.833333333333334,271.2424999999994,1076.2350000000004,0.0,0.0
2025-03-20,60,10.0,-97.25250000000005,1128.0773999999997,0.0,0.0
2025-03-20,61,10.166666666666666,-328.726799999999,1042.3224999999993,0.0,0.0
2025-03-20,62,10.333333333333334,-405.46499999999924,813.6599999999994,0.0,0.0
2025-03-20,63,10.5,-814.2784000000001,511.42069999999967,0.0,0.0
2025-03-20,64,10.666666666666666,-1103.019400000001,438.4682,764.1723000000011,0.0
2025-03-20,65,10.833333333333334,-983.1000000000008,490.4550000000004,5804.9625,0.0
2025-03-20,66,11.0,-659.6243000000004,273.1137000000008,5653.0646000000015,0.0
2025-03-20,67,11.166666666666666,-659.0469000000012,78.42659999999933,5503.1741999999995,0.0
2025-03-20,68,11.333333333333334,-957.4625000000001,11.985000000001037,5403.062500000001,0.0
2025-03-20,69,11.5,-1081.6056999999992,-130.66280000000097,5492.354799999999,0.0
2025-03-20,70,11.666666666666666,-1255.410699999999,-339.83489999999983,5154.170499999999,0.0
2025-03-20,71,11.833333333333334,-1650.1299999999992,-502.04999999999905,4830.5650000000005,0.0
2025-03-20,72,12.0,-2124.1279000000004,-536.9189999999992,5136.075100000001,0.0
2025-03-20,73,12.166666666666666,-2235.340799999999,-664.6876999999995,5046.636100000001,0.0
2025-03-20,74,12.333333333333334,-1825.7025000000003,-798.2099999999998,4918.5775,0.0
2025-03-20,75,12.5,-1198.9766,-620.7814999999998,5058.6391,0.0
2025-03-20,76,12.666666666666666,-1038.5894000000003,-412.78409999999894,5115.406400000001,0.0
2025-03-20,77,12.833333333333334,-1174.42,-223.20000000000027,67.67499999999882,0.0
2025-03-20,78,13.0,-828.4533999999999,142.17140000000018,0.0,0.0
2025-03-20,79,13.166666666666666,-541.8022999999994,328.46130000000016,644.9827,0.0
2025-03-20,80,13.333333333333334,-570.7124999999992,242.52749999999992,0.0,0.0
2025-03-20,81,13.5,-613.1947,128.5586999999996,0.0,0.0
2025-03-20,82,13.666666666666666,-628.7564000000007,-24.61720000000105,0.0,0.0
2025-03-20,83,13.833333333333334,-519.9299999999985,-109.69999999999914,0.0,0.0
2025-03-20,84,14.0,-170.1313999999993,54.14030000000048,0.0,0.0
2025-03-20,85,14.166666666666666,111.32340000000067,209.49799999999937,0.0,0.0
2025-03-20,86,14.333333333333334,237.10249999999905,319.97749999999974,0.0,0.0
2025-03-20,87,14.5,421.75969999999916,598.0893999999992,0.0,0.0
2025-03-20,88,14.666666666666666,758.1510999999994,925.3178000000003,0.0,0.0
2025-03-20,89,14.833333333333334,1083.8650000000002,1183.8674999999998,6426.290000000002,0.0
2025-03-20,90,15.0,1183.9114000000002,1368.8471000000004,6666.426600000001,0.0
2025-03-20,91,15.166666666666666,1492.8405999999995,1576.7356,1759.3609999999996,0.0
2025-03-20,92,15.333333333333334,2040.8550000000002,1889.4050000000002,2100.535,0.0
2025-03-20,93,15.5,2416.6935999999996,2280.9549999999995,2431.7264999999998,0.0
2025-03-20,94,15.666666666666666,2714.7146999999995,2471.6642000000006,2632.0012000000006,82.71349999999848
2025-03-20,95,15.833333333333334,3043.9450000000006,2603.397499999999,2752.705,291.24000000000046
2025-03-20,96,16.0,3373.569300000001,3097.507,3256.6725000000006,116.89680000000067
2025-03-20,97,16.166666666666668,3594.4033,3573.7266,3770.2785999999996,0.0
2025-03-20,98,16.333333333333332,3784.5374999999995,3875.6024999999995,3995.67,0.0
2025-03-20,99,16.5,4132.4133,4216.1543,4311.7458,0.0
2025-03-20,100,16.666666666666668,4456.345699999999,4572.381899999999,4653.0554999999995,0.0
2025-03-20,101,16.833333333333332,4724.477499999999,4954.414999999999,5094.4349999999995,0.0
2025-03-20,102,17.0,5059.394700000001,5364.9768,5472.707200000001,0.0
2025-03-20,103,17.166666666666668,5243.1311000000005,5425.040799999999,5429.016999999998,0.0
2025-03-20,104,17.333333333333332,5428.3425,5462.105,5547.654999999999,0.0
2025-03-20,105,17.5,5838.5445,6044.2285,6130.5735,0.0
2025-03-20,106,17.666666666666668,5238.0191,5593.1082,5711.755499999999,0.0
2025-03-20,107,17.833333333333332,4094.1199999999994,4339.62,4539.48,0.0
2025-03-20,108,18.0,4187.9837,4184.4012999999995,4294.928400000001,0.0
2025-03-20,109,18.166666666666668,4435.8493,4354.035199999999,4527.439299999999,0.0
2025-03-20,110,18.333333333333332,4255.449999999999,4309.15,4457.73,0.0
2025-03-20,111,18.5,4286.5369,4354.2603,4474.5961,0.0
2025-03-20,112,18.666666666666668,4469.846,4338.223,3059.4791999999934,58.50109999999995
2025-03-20,113,18.833333333333332,4579.24,4288.92,0.0,174.5400000000002
2025-03-20,114,19.0,4480.3081999999995,4415.0451,0.0,0.0
2025-03-20,115,19.166666666666668,4285.532999999999,4447.7595,0.0,0.0
2025-03-20,116,19.333333333333332,4196.78,4430.96,0.0,0.0
2025-03-20,117,19.5,4330.8684,4648.3362,0.0,0.0
2025-03-20,118,19.666666666666668,4370.945999999999,4630.751,0.0,0.0
2025-03-20,119,19.833333333333332,4358.21,4405.57,0.0,0.0
2025-03-20,120,20.0,4586.0191,4459.9096,0.0,0.0
2025-03-20,121,20.166666666666668,4523.662899999999,4389.7527,0.0,15.60549999999921
2025-03-20,122,20.333333333333332,4215.37,4195.369999999999,0.0,0.0
2025-03-20,123,20.5,4256.2469,4327.8811,0.0,0.0
2025-03-20,124,20.666666666666668,4319.0159,4512.034399999999,4607.7672,0.0
2025-03-20,125,20.833333333333332,4257.25,4484.869999999999,4673.650000000001,0.0
2025-03-20,126,21.0,4290.268099999999,4273.0646,4387.394999999999,0.0
2025-03-20,127,21.166666666666668,4418.703599999999,4239.7897,4409.2970000000005,9.406599999999344
2025-03-20,128,21.333333333333332,4553.6,4406.58,4515.15,38.4500000000005
2025-03-20,129,21.5,4526.2528,4390.6494,4500.930200000001,25.322599999999056
2025-03-20,130,21.666666666666668,4001.6251999999995,3913.3811,4057.3949999999995,0.0
2025-03-20,131,21.833333333333332,3318.9399999999996,3346.6099999999997,8494.73,0.0
2025-03-20,132,22.0,3233.4088,3373.0005,8531.5523,0.0
2025-03-20,133,22.166666666666668,3319.9709999999995,3465.5966,3582.9708000000005,0.0
2025-03-20,134,22.333333333333332,3255.84,3381.63,8544.470000000001,0.0
2025-03-20,135,22.5,3144.1325999999995,3375.153,8553.4421,0.0
2025-03-20,136,22.666666666666668,3161.8174,3326.3207,3500.6692000000003,0.0
2025-03-20,137,22.833333333333332,3296.3999999999996,3298.16,4494.9112345679005,0.0
2025-03-20,138,23.0,3356.4080999999996,3488.4212,3614.366900000001,0.0
2025-03-20,139,23.166666666666668,3261.7676,3525.4193,3662.2047999999995,0.0
2025-03-20,140,23.333333333333332,3267.73,3418.4699999999993,8577.25,0.0
2025-03-20,141,23.5,3604.0759999999996,3469.7556999999997,3697.9112999999998,0.0
2025-03-20,142,23.666666666666668,3245.8691,3090.0777,3201.8351000000002,44.03399999999965
2025-03-20,143,23.833333333333332,2401.0,2440.31,2588.44,0.0
2025-06-21,0,0.0,3087.9838,3292.2207,3409.2245,0.0
2025-06-21,1,0.16666666666666666,3200.0918999999994,3247.762,6195.637317688977,0.0
2025-06-21,2,0.3333333333333333,3401.46,3135.4199999999996,3325.2699999999995,76.19000000000028
2025-06-21,3,0.5,3063.5261,3144.8943,3336.3202000000006,0.0
2025-06-21,4,0.6666666666666666,2820.2572,3189.3566,3340.025627136016,0.0
2025-06-21,5,0.8333333333333334,2883.38,3191.86,3320.27,0.0
2025-06-21,6,1.0,2869.9795999999997,3141.3129,3313.1880999999994,0.0
2025-06-21,7,1.1666666666666667,2985.8287,2978.2906,3147.861099999999,0.0
2025-06-21,8,1.3333333333333333,3164.1799999999994,2859.96,3036.3899999999994,127.78999999999974
2025-06-21,9,1.5,3064.8457,2991.4169,3126.6755,0.0
2025-06-21,10,1.6666666666666667,2954.0459,2886.449,2999.2038000000002,0.0
2025-06-21,11,1.8333333333333333,2994.62,2684.58,2854.2499999999995,140.37000000000023
2025-06-21,12,2.0,3072.4014,2981.874,3119.7346,0.0
2025-06-21,13,2.1666666666666665,3013.1014999999998,3040.3061,3164.3663870086907,0.0
2025-06-21,14,2.3333333333333335,2838.75,2782.6099999999997,2856.88,0.0
2025-06-21,15,2.5,2749.9199,2861.4034,2989.1389000000004,0.0
2025-06-21,16,2.6666666666666665,2820.5847,2863.2888,2995.6366999999996,0.0
2025-06-21,17,2.8333333333333335,2936.24,2706.74,2883.1899999999996,53.05000000000018
2025-06-21,18,3.0,2920.1882,2767.5085,2895.2644999999993,24.923700000000736
2025-06-21,19,3.1666666666666665,2951.0328,2826.5835,2930.5895000000005,20.44329999999934
2025-06-21,20,3.3333333333333335,2977.51,2821.38,2894.12,83.38999999999987
2025-06-21,21,3.5,2780.2817999999997,2923.4794999999995,3043.6665000000003,0.0
2025-06-21,22,3.6666666666666665,2728.3058999999994,2996.6877,3163.3478999999998,0.0
2025-06-21,23,3.8333333333333335,2862.1899999999996,2885.8,3004.4300000000003,0.0
2025-06-21,24,4.0,2845.6919000000003,2608.3601,2679.1420000000003,166.54989999999987
2025-06-21,25,4.166666666666667,2748.951,2602.2533999999996,2707.6722999999993,41.278700000000526
2025-06-21,26,4.333333333333333,2677.31,2799.89,3000.63,0.0
2025-06-21,27,4.5,2657.7196999999996,2716.4781999999996,2930.918999999999,0.0
2025-06-21,28,4.666666666666667,2702.3205,2641.2198,2823.4685999999992,0.0
2025-06-21,29,4.833333333333333,2725.045,2629.29,2836.3999999999996,0.0
2025-06-21,30,5.0,2547.9523,2365.4604,2555.7980000000002,0.0
2025-06-21,31,5.166666666666667,2342.9007,2250.9569,2449.4072000000006,0.0
2025-06-21,32,5.333333333333333,2225.0750000000003,2310.585,2388.0449999999996,0.0
2025-06-21,33,5.5,2157.468,2152.2421,7239.8614,0.0
2025-06-21,34,5.666666666666667,2022.2094999999997,1869.3835,0.0,34.396300000000224
2025-06-21,35,5.833333333333333,1850.9399999999996,1621.2300000000002,0.0,5.490000000000123
2025-06-21,36,6.0,1751.7749999999999,1451.2413,0.0,133.93639999999982
2025-06-21,37,6.166666666666667,1478.8282000000002,1195.8808999999997,0.0,111.03160000000122
2025-06-21,38,6.333333333333333,998.1075,864.9275,0.0,0.0
2025-06-21,39,6.5,584.3110999999999,668.7532,0.0,0.0
2025-06-21,40,6.666666666666667,517.2726000000005,711.4158000000003,0.0,0.0
2025-06-21,41,6.833333333333333,605.0199999999995,814.5850000000003,0.0,0.0
2025-06-21,42,7.0,379.6937999999998,662.3244000000001,0.0,0.0
2025-06-21,43,7.166666666666667,131.5661,396.45050000000003,0.0,0.0
2025-06-21,44,7.333333333333333,-50.03749999999968,157.73749999999995,0.0,0.0
2025-06-21,45,7.5,-377.8006999999998,-68.4947000000002,0.0,0.0
2025-06-21,46,7.666666666666667,-697.8223,-434.3021000000001,0.0,0.0
2025-06-21,47,7.833333333333333,-941.0649999999998,-865.7899999999997,0.0,0.0
2025-06-21,48,8.0,-1172.7127000000003,-1158.0297,0.0,0.0
2025-06-21,49,8.166666666666666,-1280.8112999999996,-1595.9101999999996,0.0,0.0
2025-06-21,50,8.333333333333334,-1321.1099999999997,-2088.494999999999,0.0,0.0
2025-06-21,51,8.5,-1448.8976,-2182.5881,0.0,0.0
2025-06-21,52,8.666666666666666,-1378.5776000000005,-1984.9672000000005,0.0,0.0
2025-06-21,53,8.833333333333334,-1095.455,-1850.5650000000007,0.0,0.0
2025-06-21,54,9.0,-961.0523000000001,-2032.5651999999998,0.0,0.0
2025-06-21,55,9.166666666666666,-1289.8198000000007,-2003.8949,0.0,0.0
2025-06-21,56,9.333333333333334,-1969.7125000000003,-1891.165,0.0,0.0
2025-06-21,57,9.5,-2526.7094,-2319.1265,0.0,0.0
2025-06-21,58,9.666666666666666,-2697.1571000000004,-2545.8646000000003,0.0,0.0
2025-06-21,59,9.833333333333334,-2643.3975,-2394.859999999999,0.0,0.0
2025-06-21,60,10.0,-2763.7852,-2484.9161999999997,0.0,0.0
2025-06-21,61,10.166666666666666,-2934.1027999999997,-2935.0398999999998,0.0,0.0
2025-06-21,62,10.333333333333334,-3099.0775000000003,-3376.9399999999987,0.0,0.0
2025-06-21,63,10.5,-3367.087400000001,-3282.8371000000006,0.0,0.0
2025-06-21,64,10.666666666666666,-3677.5579,-2890.3616999999986,0.0,0.0
2025-06-21,65,10.833333333333334,-3720.89,-2501.5299999999997,0.0,0.0
2025-06-21,66,11.0,-3360.965,-2289.7364000000002,0.0,0.0
2025-06-21,67,11.166666666666666,-3882.2551,-2418.2351999999996,0.0,0.0
2025-06-21,68,11.333333333333334,-4844.464999999999,-2616.9424999999997,0.0,0.0
2025-06-21,69,11.5,-4475.5737,-2422.0353,0.0,0.0
2025-06-21,70,11.666666666666666,-3953.3573000000006,-2294.4230999999995,0.0,0.0
2025-06-21,71,11.833333333333334,-4034.0325000000003,-2264.994999999999,0.0,0.0
2025-06-21,72,12.0,-4308.721599999999,-1974.716,0.0,0.0
2025-06-21,73,12.166666666666666,-4448.740300000001,-2127.3977,0.0,0.0
2025-06-21,74,12.333333333333334,-4454.4525,-2761.08,0.0,0.0
2025-06-21,75,12.5,-4545.883300000001,-3132.4130000000005,2948.0598,0.0
2025-06-21,76,12.666666666666666,-4630.1281,-3129.2186000000006,0.0,0.0
2025-06-21,77,12.833333333333334,-4361.59,-2841.9925000000003,0.0,0.0
2025-06-21,78,13.0,-3582.9478999999997,-2442.4888000000005,0.0,0.0
2025-06-21,79,13.166666666666666,-3492.3077000000003,-2269.3304,0.0,0.0
2025-06-21,80,13.333333333333334,-3751.5974999999994,-2249.6925,0.0,0.0
2025-06-21,81,13.5,-2865.5227999999993,-2020.6738000000005,0.0,0.0
2025-06-21,82,13.666666666666666,-2149.5168000000003,-1856.3345000000002,0.0,0.0
2025-06-21,83,13.833333333333334,-2094.3499999999995,-1879.3749999999998,0.0,0.0
2025-06-21,84,14.0,-1893.9072999999999,-1913.8801000000005,0.0,0.0
2025-06-21,85,14.166666666666666,-1732.0658999999998,-1854.1567,0.0,0.0
2025-06-21,86,14.333333333333334,-1730.7474999999997,-1669.6624999999997,0.0,0.0
2025-06-21,87,14.5,-1737.2093999999993,-1392.8782999999994,0.0,0.0
2025-06-21,88,14.666666666666666,-1796.7965000000002,-1090.9334,0.0,0.0
2025-06-21,89,14.833333333333334,-1800.7824999999998,-817.8475000000005,0.0,0.0
2025-06-21,90,15.0,-1540.9204000000007,-602.1412000000005,0.0,0.0
2025-06-21,91,15.166666666666666,-1228.7289999999996,-448.3099000000004,0.0,0.0
2025-06-21,92,15.333333333333334,-935.6000000000004,-201.89499999999953,87.23000000000047,0.0
2025-06-21,93,15.5,-543.9376999999995,278.1848000000002,520.3624000000002,0.0
2025-06-21,94,15.666666666666666,-163.97389999999996,499.37929999999983,744.9746999999995,0.0
2025-06-21,95,15.833333333333334,162.02999999999997,550.6725000000004,750.1874999999993,0.0
2025-06-21,96,16.0,471.4293,956.0888999999995,1130.3685000000003,0.0
2025-06-21,97,16.166666666666668,619.2257999999999,1062.5044999999998,1387.2638999999986,0.0
2025-06-21,98,16.333333333333332,635.4450000000002,1033.5124999999998,1252.5474999999994,0.0
2025-06-21,99,16.5,692.5442,1637.1579000000002,2007.6724999999997,0.0
2025-06-21,100,16.666666666666668,657.7180999999994,1661.4949000000006,1928.795200000001,0.0
2025-06-21,101,16.833333333333332,616.6874999999997,1180.4725000000005,1349.887499999999,0.0
2025-06-21,102,17.0,855.7646,1525.4914999999996,1672.3592999999998,0.0
2025-06-21,103,17.166666666666668,1276.7699999999998,1925.2989999999998,2239.2674000000015,0.0
2025-06-21,104,17.333333333333332,1733.8074999999997,1980.2100000000005,2366.3500000000004,0.0
2025-06-21,105,17.5,2120.821,2104.0013999999996,2392.4093,0.0
2025-06-21,106,17.666666666666668,2293.9255,2299.2065,2428.1735,0.0
2025-06-21,107,17.833333333333332,2315.4100000000003,2515.7725,2677.0325,0.0
2025-06-21,108,18.0,2414.1542,2750.5211,0.0,0.0
2025-06-21,109,18.166666666666668,2619.7485000000006,2950.3928,3123.7969000000003,0.0
2025-06-21,110,18.333333333333332,2890.09,3136.2599999999993,2562.5443663638457,0.0
2025-06-21,111,18.5,3180.7749999999996,3371.5834999999997,3606.222466935106,0.0
2025-06-21,112,18.666666666666668,3512.7281000000003,3548.624,0.0,0.0
2025-06-21,113,18.833333333333332,3844.957499999999,3668.399999999999,0.0,0.0
2025-06-21,114,19.0,4004.9442,3806.9784,0.0,0.0
2025-06-21,115,19.166666666666668,3703.4815,3826.4700000000003,0.0,0.0
2025-06-21,116,19.333333333333332,3293.4799999999996,3686.4799999999996,0.0,0.0
2025-06-21,117,19.5,3492.5253999999995,3569.6440999999995,0.0,0.0
2025-06-21,118,19.666666666666668,3490.4325,3470.8194000000003,0.0,0.0
2025-06-21,119,19.833333333333332,3189.6199999999994,3506.94,0.0,0.0
2025-06-21,120,20.0,3348.2366,3809.9314999999997,0.0,0.0
2025-06-21,121,20.166666666666668,3725.1884,3890.9716,0.0,0.0
2025-06-21,122,20.333333333333332,3960.13,3770.5999999999995,0.0,0.0
2025-06-21,123,20.5,3881.8244999999997,3932.4897999999994,0.0,0.0
2025-06-21,124,20.666666666666668,3513.6717,4058.3314,4289.3517,0.0
2025-06-21,125,20.833333333333332,3160.32,3918.77,4151.09,0.0
2025-06-21,126,21.0,3214.7105999999994,3614.0096,3882.598799999999,0.0
2025-06-21,127,21.166666666666668,3489.1028999999994,3370.7920999999997,3663.8923999999993,0.0
2025-06-21,128,21.333333333333332,3713.49,3342.5799999999995,3553.2,160.2900000000002
2025-06-21,129,21.5,3715.4476999999997,3493.8804999999998,3742.170799999999,0.0
2025-06-21,130,21.666666666666668,3460.6767999999997,3460.6217999999994,3701.5299,0.0
2025-06-21,131,21.833333333333332,3169.68,3267.4399999999996,8533.869999999999,0.0
2025-06-21,132,22.0,3161.2424,3261.2988,8558.450499999999,0.0
2025-06-21,133,22.166666666666668,3268.4465,3218.1699,3492.0238,0.0
2025-06-21,134,22.333333333333332,3317.19,3190.1899999999996,8459.349999999999,0.0
2025-06-21,135,22.5,3281.0391,3472.9638999999997,8758.1286,0.0
2025-06-21,136,22.666666666666668,3250.7573999999995,3653.9268999999995,8895.678,0.0
2025-06-21,137,22.833333333333332,3190.3899999999994,3463.2299999999996,8648.18,0.0
2025-06-21,138,23.0,2998.9363,3048.478,7268.671708802901,0.0
2025-06-21,139,23.166666666666668,2920.9743,2905.5899,8092.939900000001,0.0
2025-06-21,140,23.333333333333332,2989.3,3071.94,8257.779999999999,0.0
2025-06-21,141,23.5,3024.571,3193.2655,8408.9264,0.0
2025-06-21,142,23.666666666666668,3193.3141,3497.8212999999996,3733.2963999999997,0.0
2025-06-21,143,23.833333333333332,3636.14,3929.38,4065.4500000000003,0.0
2025-09-23,0,0.0,3421.106,3937.1457999999993,9050.38981040024,0.0
2025-09-23,1,0.16666666666666666,3361.9091,4000.4017,9136.0114,0.0
2025-09-23,2,0.3333333333333333,3388.6,3751.36,3941.21,0.0
2025-09-23,3,0.5,3591.0535,3531.7830999999996,3630.698199999999,0.0
2025-09-23,4,0.6666666666666666,3639.0638999999996,3436.6857,3553.7030999999997,85.36080000000015
2025-09-23,5,0.8333333333333334,3538.62,3454.54,3674.2819076649816,0.0
2025-09-23,6,1.0,3584.1201,3517.2378,3620.496199999999,0.0
2025-09-23,7,1.1666666666666667,3479.8299999999995,3497.5299,3617.965196014289,0.0
2025-09-23,8,1.3333333333333333,3316.08,3422.74,3550.0599999999995,0.0
2025-09-23,9,1.5,3504.3200999999995,3457.0953999999997,3598.1868999999992,0.0
2025-09-23,10,1.6666666666666667,3611.1696999999995,3628.0074999999997,3748.7536,0.0
2025-09-23,11,1.8333333333333333,3543.6399999999994,3727.7699999999995,3937.372656621529,0.0
2025-09-23,12,2.0,3627.3783,3520.7313999999997,3733.2919999999995,0.0
2025-09-23,13,2.1666666666666665,3646.7972999999997,3436.0535,3600.055199999999,46.74210000000062
2025-09-23,14,2.3333333333333335,3569.92,3624.55,3718.2190063533562,0.0
2025-09-23,15,2.5,3591.0743999999995,3799.684,3927.4195,0.0
2025-09-23,16,2.6666666666666665,3523.6786,3729.9252999999994,3849.717399999999,0.0
2025-09-23,17,2.8333333333333335,3402.0299999999997,3599.3999999999996,3847.9399999999996,0.0
2025-09-23,18,3.0,3470.8795999999998,3766.8381,3925.8708000000006,0.0
2025-09-23,19,3.1666666666666665,3546.3118,3732.5777999999996,3900.6425999999997,0.0
2025-09-23,20,3.3333333333333335,3521.0999999999995,3487.16,3582.5046186827885,0.0
2025-09-23,21,3.5,3493.0414999999994,3542.3682,3578.4678999999996,0.0
2025-09-23,22,3.6666666666666665,3616.52,3671.4308999999994,3808.7282999999993,0.0
2025-09-23,23,3.8333333333333335,3738.77,3753.85,3906.85,0.0
2025-09-23,24,4.0,3573.1360999999997,3887.5822,4000.4737999999993,0.0
2025-09-23,25,4.166666666666667,3548.8255999999997,3864.8881,4007.0333,0.0
2025-09-23,26,4.333333333333333,3696.4299999999994,3746.5199999999995,4017.51,0.0
2025-09-23,27,4.5,3629.3778,3799.8707,3971.0796,0.0
2025-09-23,28,4.666666666666667,3602.4948999999997,3743.3996,3872.1267,0.0
2025-09-23,29,4.833333333333333,3708.7399999999993,3548.17,3670.26,38.47999999999911
2025-09-23,30,5.0,3750.9916,3510.4937,3706.1196999999997,44.871900000000096
2025-09-23,31,5.166666666666667,3689.4488,3645.6746999999996,3848.7124999999996,0.0
2025-09-23,32,5.333333333333333,3557.6799999999994,3724.04,3912.115,0.0
2025-09-23,33,5.5,3503.8683,3582.2552999999994,8725.0961,0.0
2025-09-23,34,5.666666666666667,4001.4806,3953.8406,4178.106100000002,0.0
2025-09-23,35,5.833333333333333,4743.74,4614.8775000000005,0.0,0.0
2025-09-23,36,6.0,4762.632499999999,4533.697899999999,0.0,0.0
2025-09-23,37,6.166666666666667,4455.9589,4145.8102,0.0,76.67829999999935
2025-09-23,38,6.333333333333333,4142.812499999999,3837.192499999999,0.0,91.88121567234452
2025-09-23,39,6.5,3783.5041,3565.4098999999997,0.0,5.632699999999659
2025-09-23,40,6.666666666666667,3509.2929000000004,3291.6393,0.0,90.90810000000056
2025-09-23,41,6.833333333333333,3277.2749999999996,2975.2575000000006,0.0,57.63499999999908
2025-09-23,42,7.0,2908.3370000000004,2610.9525999999996,0.0,0.0
2025-09-23,43,7.166666666666667,2551.8500999999997,2349.6593,2048.9339087937688,0.0
2025-09-23,44,7.333333333333333,2167.9225,2047.315,2311.3999999999996,0.0
2025-09-23,45,7.5,1712.8095999999998,1530.8929999999998,1857.7684,0.0
2025-09-23,46,7.666666666666667,2146.3813,1778.4849000000004,0.0,0.0
2025-09-23,47,7.833333333333333,2947.9474999999998,2476.4875,0.0,0.0
2025-09-23,48,8.0,2545.3620000000005,2244.9048999999995,0.0,0.0
2025-09-23,49,8.166666666666666,2041.7978999999996,1739.6612,0.0,0.0
2025-09-23,50,8.333333333333334,1937.3324999999998,1435.7024999999996,0.0,0.0
2025-09-23,51,8.5,1602.9885000000008,1126.8626,0.0,0.0
2025-09-23,52,8.666666666666666,1062.1019,721.6999999999991,0.0,0.0
2025-09-23,53,8.833333333333334,619.7199999999991,387.1399999999999,0.0,0.0
2025-09-23,54,9.0,531.1831999999999,346.4158999999995,0.0,0.0
2025-09-23,55,9.166666666666666,452.3624,176.73390000000063,0.0,0.0
2025-09-23,56,9.333333333333334,278.15750000000025,-335.7699999999995,0.0,0.0
2025-09-23,57,9.5,204.483999999999,-947.3840999999998,0.0,426.68089999999984
2025-09-23,58,9.666666666666666,83.87059999999929,-1109.8492999999999,0.0,396.0930999999996
2025-09-23,59,9.833333333333334,-31.802499999998872,-982.1299999999997,0.0,64.93282238215352
2025-09-23,60,10.0,20.333799999999883,-1257.4193,0.0,382.4238599097556
2025-09-23,61,10.166666666666666,-275.48140000000103,-1653.0771000000004,0.0,387.1730999999995
2025-09-23,62,10.333333333333334,-803.5899999999997,-1731.8200000000006,0.0,0.0
2025-09-23,63,10.5,-880.7342999999992,-1380.4523,0.0,0.0
2025-09-23,64,10.666666666666666,-766.8783999999996,-1347.9638000000004,0.0,0.0
2025-09-23,65,10.833333333333334,-889.1149999999993,-1627.6124999999997,4146.552645010832,0.0
2025-09-23,66,11.0,-1427.6502999999989,-1523.1647999999996,4262.0347,0.0
2025-09-23,67,11.166666666666666,-1898.9910999999993,-1438.9463000000014,4110.588099999997,0.0
2025-09-23,68,11.333333333333334,-1968.217499999998,-1558.0899999999997,3880.8600000000006,0.0
2025-09-23,69,11.5,-1775.6432999999988,-1606.7351000000012,3925.343899999999,0.0
2025-09-23,70,11.666666666666666,-2063.8587000000007,-1527.1939000000002,4125.368399999999,0.0
2025-09-23,71,11.833333333333334,-2719.872500000001,-1689.4049999999993,4300.145,0.0
2025-09-23,72,12.0,-2874.832199999999,-2428.7917000000007,3486.3026999999993,0.0
2025-09-23,73,12.166666666666666,-2651.4241999999986,-2540.2147000000004,3183.416000000001,0.0
2025-09-23,74,12.333333333333334,-2526.057499999998,-2011.514999999999,3601.665,0.0
2025-09-23,75,12.5,-2762.775099999999,-2005.715999999999,3467.1900000000014,0.0
2025-09-23,76,12.666666666666666,-2455.0728,-2081.212499999999,1417.643017708095,0.0
2025-09-23,77,12.833333333333334,-1726.6075,-1907.8925,0.0,0.0
2025-09-23,78,13.0,-1631.4655000000002,-1698.319199999999,0.0,0.0
2025-09-23,79,13.166666666666666,-1673.6736999999998,-1696.2185999999997,0.0,0.0
2025-09-23,80,13.333333333333334,-1491.6574999999996,-1706.1999999999994,0.0,0.0
2025-09-23,81,13.5,-1232.6171000000008,-1313.093199999999,0.0,0.0
2025-09-23,82,13.666666666666666,-936.3271000000009,-968.5574999999999,0.0,0.0
2025-09-23,83,13.833333333333334,-685.4324999999999,-927.6375000000003,0.0,0.0
2025-09-23,84,14.0,-539.3563000000004,-972.1475,0.0,0.0
2025-09-23,85,14.166666666666666,-180.63880000000108,-685.0082999999993,0.0,0.0
2025-09-23,86,14.333333333333334,382.55000000000064,-89.81500000000051,0.0,0.0
2025-09-23,87,14.5,823.7127999999996,388.74000000000046,0.0,0.0
2025-09-23,88,14.666666666666666,1215.486699999999,669.1891999999998,0.0,0.0
2025-09-23,89,14.833333333333334,1501.0425000000002,861.4449999999993,1191.1550000000002,309.88750000000005
2025-09-23,90,15.0,1535.3030999999996,1139.8171,5378.19848240921,44.95010000000116
2025-09-23,91,15.166666666666666,1726.705199999999,1531.9971,1717.1161,9.589099999999007
2025-09-23,92,15.333333333333334,1965.2124999999996,1953.604999999999,2196.437499999999,0.0
2025-09-23,93,15.5,1813.8436000000002,2226.4285999999997,2360.1440000000002,0.0
2025-09-23,94,15.666666666666666,2117.6951,2121.5082,2364.5680999999995,0.0
2025-09-23,95,15.833333333333334,2961.495,2019.5525000000007,2295.6700000000014,665.8249999999985
2025-09-23,96,16.0,3536.5958999999993,2577.9109999999987,2798.9893999999977,737.6065000000017
2025-09-23,97,16.166666666666668,3814.8819000000003,3107.6299,3356.9044000000004,457.97749999999974
2025-09-23,98,16.333333333333332,4009.4125,3333.6899999999987,3620.5649999999987,388.8475000000012
2025-09-23,99,16.5,4298.0851999999995,3662.2277999999988,4012.6034999999993,285.48170000000005
2025-09-23,100,16.666666666666668,4588.936099999999,4184.733900000001,4483.456100000001,105.47999999999752
2025-09-23,101,16.833333333333332,4884.322499999998,4680.282499999999,4952.429999999999,0.0
2025-09-23,102,17.0,5262.5219,4868.424799999999,5141.9641,120.55779999999959
2025-09-23,103,17.166666666666668,5480.0197,5117.5748,5387.3107,92.70900000000006
2025-09-23,104,17.333333333333332,5738.3025,5624.780000000001,5952.21,0.0
2025-09-23,105,17.5,6311.1759999999995,6097.2914,6430.1012,0.0
2025-09-23,106,17.666666666666668,5754.9919,5686.6626,5980.4665,0.0
2025-09-23,107,17.833333333333332,4515.87,4757.117499999999,5018.249999999999,0.0
2025-09-23,108,18.0,4585.979099999999,4581.323200000001,4711.5525,0.0
2025-09-23,109,18.166666666666668,4981.363600000001,4700.096,4793.881299999999,187.48230000000171
2025-09-23,110,18.333333333333332,5006.5,4806.539999999999,5071.125962900338,0.0
2025-09-23,111,18.5,5016.9579,5029.1269,5226.5048561600925,0.0
2025-09-23,112,18.666666666666668,4862.188199999999,4889.8514,5105.159699999999,0.0
2025-09-23,113,18.833333333333332,4664.56,4602.8,0.0,0.0
2025-09-23,114,19.0,4794.5933,4878.9108,147.8643999999997,0.0
2025-09-23,115,19.166666666666668,4953.5752,5049.4295999999995,329.9798999999996,0.0
2025-09-23,116,19.333333333333332,4906.9,4902.189999999999,145.42999999999938,0.0
2025-09-23,117,19.5,4721.0181,4891.8419,92.8497000000009,0.0
2025-09-23,118,19.666666666666668,4705.313399999999,4903.2757,73.34575608753448,0.0
2025-09-23,119,19.833333333333332,4871.469999999999,4818.68,55.84000000000037,0.0
2025-09-23,120,20.0,4963.0687,4696.702,0.0,0.0
2025-09-23,121,20.166666666666668,5061.4062,4700.0445,2868.024691015732,210.5144000000007
2025-09-23,122,20.333333333333332,5038.25,4852.22,41.75000000000023,0.0
2025-09-23,123,20.5,4709.3717,4995.945,189.53169999999932,0.0
2025-09-23,124,20.666666666666668,4809.9708,4921.7777,5065.190594652651,0.0
2025-09-23,125,20.833333333333332,5215.3,4789.94,5016.959999999999,198.34000000000106
2025-09-23,126,21.0,5055.1463,4921.2572,5169.1294,0.0
2025-09-23,127,21.166666666666668,4827.5711,4795.1606,4968.897400000001,0.0
2025-09-23,128,21.333333333333332,4880.29,4582.3,4847.01,33.279999999999745
2025-09-23,129,21.5,4979.2148,4908.0858,5129.652999999999,0.0
2025-09-23,130,21.666666666666668,4609.119,4661.9285,4783.374044528137,0.0
2025-09-23,131,21.833333333333332,3835.46,3835.63,8982.94,0.0
2025-09-23,132,22.0,3320.6494,3598.3752999999997,8813.438,0.0
2025-09-23,133,22.166666666666668,3496.0714,3658.3589,3810.2322000000004,0.0
2025-09-23,134,22.333333333333332,3883.24,3679.4899999999993,8807.739999999998,75.50000000000091
2025-09-23,135,22.5,3580.1991,3675.7073,8822.4099,0.0
2025-09-23,136,22.666666666666668,3332.1137,3704.1898,8918.3573,0.0
2025-09-23,137,22.833333333333332,3416.0999999999995,3714.13,9032.59,0.0
2025-09-23,138,23.0,3387.9352,3626.4468999999995,7830.5392,0.0
2025-09-23,139,23.166666666666668,3459.0093999999995,3690.0841,8868.686300000001,0.0
2025-09-23,140,23.333333333333332,3661.95,3800.23,8953.77,0.0
2025-09-23,141,23.5,3702.4037999999996,3632.9660999999996,8735.561099999999,0.0
2025-09-23,142,23.666666666666668,3409.7885,3700.6194,3864.7511,0.0
2025-09-23,143,23.833333333333332,3147.61,3923.31,3977.86,0.0
2025-12-21,0,0.0,3576.1062999999995,3428.140861570263,8656.389735670644,0.0
2025-12-21,1,0.16666666666666666,3537.871,3253.067766950896,8418.627466950897,119.24353304910483
2025-12-21,2,0.3333333333333333,3472.0999999999995,3310.4432601633093,3478.993260163308,0.0
2025-12-21,3,0.5,3388.2601999999997,3541.0188659183095,3700.9660659183105,0.0
2025-12-21,4,0.6666666666666666,3299.4232999999995,3619.5973992208033,3738.214299220803,0.0
2025-12-21,5,0.8333333333333334,3349.26,3525.2317068895195,3840.4917068895193,0.0
2025-12-21,6,1.0,3662.0911,3519.2355309557042,3678.702630955704,0.0
2025-12-21,7,1.1666666666666667,3799.4157,3512.8330263062426,3682.4035263062415,117.01217369375831
2025-12-21,8,1.3333333333333333,3736.1799999999994,3477.7310977594525,3647.9302821836127,88.24971781638692
2025-12-21,9,1.5,3824.9356,3504.5576187815177,3579.2816187815174,245.65398121848216
2025-12-21,10,1.6666666666666667,3734.2079999999996,3559.3790315282095,3676.4344315282096,57.77356847179021
2025-12-21,11,1.8333333333333333,3587.15,3600.7295733567653,3755.0695733567654,0.0
2025-12-21,12,2.0,3856.4773999999998,3618.6298817273027,3776.084181727302,80.3932182726976
2025-12-21,13,2.1666666666666665,3923.2146999999995,3701.1316732637983,3905.14028962505,18.074410374949366
2025-12-21,14,2.3333333333333335,3730.5,3824.2432535725475,3957.773253572548,0.0
2025-12-21,15,2.5,3819.8599999999997,3874.395766138336,4088.914080905494,0.0
2025-12-21,16,2.6666666666666665,3791.4644,3854.184590765517,4056.224190765517,0.0
2025-12-21,17,2.8333333333333335,3751.7299999999996,3793.302633860769,4005.6626338607693,0.0
2025-12-21,18,3.0,4180.5461,3736.1821680819107,3927.705368081911,252.84073191808898
2025-12-21,19,3.1666666666666665,4115.3327,3824.7712988894023,4034.7749160884637,80.55778391153626
2025-12-21,20,3.3333333333333335,3748.74,3922.804785411543,3978.394785411543,0.0
2025-12-21,21,3.5,4220.4858,3757.768370337707,3866.435670337707,354.0501296622931
2025-12-21,22,3.6666666666666665,4423.9257,3714.5178182360396,3829.061218236039,594.8644817639604
2025-12-21,23,3.8333333333333335,4079.15,3859.860251680375,4092.360251680375,0.0
2025-12-21,24,4.0,4038.9424,3889.811648018768,4049.5056480187677,0.0
2025-12-21,25,4.166666666666667,4082.3954,3950.7681722877487,4122.0922722877485,0.0
2025-12-21,26,4.333333333333333,4064.8699999999994,4118.715346271539,4280.965346271539,0.0
2025-12-21,27,4.5,4121.8784,4254.011722973148,4298.9797229731485,0.0
2025-12-21,28,4.666666666666667,4083.6154,4162.599470863478,4223.835470863478,0.0
2025-12-21,29,4.833333333333333,4032.3099999999995,3969.0888930624114,4044.1288930624114,0.0
2025-12-21,30,5.0,4217.939899999999,4006.9796393831107,4169.727139383111,48.212760616889454
2025-12-21,31,5.166666666666667,4253.2484,4035.9790786978656,4251.3059786978665,1.94242130213388
2025-12-21,32,5.333333333333333,4066.58,3968.6530999462652,4158.093099946265,0.0
2025-12-21,33,5.5,4077.7465,4029.090839236019,9258.36143923602,0.0
2025-12-21,34,5.666666666666667,4717.714599999999,4477.8341199487,4737.897774359657,0.0
2025-12-21,35,5.833333333333333,5490.65,5078.114693975987,5302.334693975987,188.31530602401222
2025-12-21,36,6.0,5438.877399999999,5257.091350845749,1426.001739152104,0.0
2025-12-21,37,6.166666666666667,5407.8325,5193.737081422876,5427.207481422876,0.0
2025-12-21,38,6.333333333333333,5587.049999999999,5142.7565391603675,5406.7965391603675,180.25346083963223
2025-12-21,39,6.5,5345.15,5197.680056901477,5425.492756901476,0.0
2025-12-21,40,6.666666666666667,5233.249,5320.005584082857,5606.436384082856,0.0
2025-12-21,41,6.833333333333333,5374.2,5341.048849900058,5676.102106467357,0.0
2025-12-21,42,7.0,5188.101199999999,5015.798391672317,5266.154991672316,0.0
2025-12-21,43,7.166666666666667,4901.273999999999,4707.984461114511,4872.0953611145105,29.17863888548868
2025-12-21,44,7.333333333333333,4541.045,4477.465366075251,4541.477866075251,0.0
2025-12-21,45,7.5,4069.146999999999,4165.741707996597,9266.080230362059,0.0
2025-12-21,46,7.666666666666667,4612.4121,4446.608281343995,4559.795281343997,52.61681865600303
2025-12-21,47,7.833333333333333,5640.9275,5109.645377597539,333.38837898205475,307.53912101794435
2025-12-21,48,8.0,5394.196899999999,5161.5673442517655,484.07584425176674,0.0
2025-12-21,49,8.166666666666666,4941.274899999999,4828.998706194325,228.54820619432394,0.0
2025-12-21,50,8.333333333333334,4787.385,4467.718314318505,0.0,0.0
2025-12-21,51,8.5,4379.9539,4198.20418007048,0.0,0.0
2025-12-21,52,8.666666666666666,4080.4567999999995,3940.086376627435,0.0,0.0
2025-12-21,53,8.833333333333334,3914.062499999999,3637.904743726131,0.0,0.0
2025-12-21,54,9.0,3504.0219000000006,3339.1896184046464,0.0,0.0
2025-12-21,55,9.166666666666666,3166.1121999999996,3193.596471853192,0.0,0.0
2025-12-21,56,9.333333333333334,3033.989999999999,3093.0466568038664,0.0,0.0
2025-12-21,57,9.5,2888.7531999999997,2753.199708799893,3045.139708799892,0.0
2025-12-21,58,9.666666666666666,2559.6026999999995,2351.1430191073696,2662.056919107371,0.0
2025-12-21,59,9.833333333333334,2161.8424999999997,2143.622859050995,0.0,0.0
2025-12-21,60,10.0,1987.1617,2242.3039105436424,0.0,0.0
2025-12-21,61,10.166666666666666,1956.5605999999993,2325.4050656470827,2346.974550738863,0.0
2025-12-21,62,10.333333333333334,1990.7075000000007,2149.8011127231866,2421.847799006528,0.0
2025-12-21,63,10.5,2094.476999999999,1792.1220530241226,0.0,0.0
2025-12-21,64,10.666666666666666,2226.3645000000006,1821.9365807330519,2371.1148807330505,0.0
2025-12-21,65,10.833333333333334,2287.4075000000003,1970.6145784654277,7371.851748452768,0.0
2025-12-21,66,11.0,2172.5858,1425.491911244371,6989.940511244369,182.6452887556311
2025-12-21,67,11.166666666666666,1933.5069000000003,956.6927959686368,6417.212995968635,516.2939040313654
2025-12-21,68,11.333333333333334,1697.8225000000007,945.2611593312604,6502.471159331259,195.3513406687416
2025-12-21,69,11.5,1512.0524,1027.6364922822254,6613.598292282228,0.0
2025-12-21,70,11.666666666666666,988.2444999999998,939.4057321933818,6561.511232193383,0.0
2025-12-21,71,11.833333333333334,440.09999999999945,706.233853445831,6576.92635344583,0.0
2025-12-21,72,12.0,596.9681999999998,566.9989601995401,6205.441160199541,0.0
2025-12-21,73,12.166666666666666,652.1698999999999,650.4776890901684,6205.36328909017,0.0
2025-12-21,74,12.333333333333334,408.6100000000008,702.271891186685,6464.3893911866835,0.0
2025-12-21,75,12.5,511.9906000000001,418.64080792524965,6152.182907925249,0.0
2025-12-21,76,12.666666666666666,962.8925999999997,623.4304654847292,6450.384565484728,0.0
2025-12-21,77,12.833333333333334,1446.0024999999991,1226.0403899041632,1906.3282630134208,0.0
2025-12-21,78,13.0,1585.874899999999,1287.1643821154078,2193.3715133610135,0.0
2025-12-21,79,13.166666666666666,1352.3169999999993,1273.0373963584702,2136.565696358469,0.0
2025-12-21,80,13.333333333333334,1062.1299999999999,1421.9183344836806,2177.5308344836794,0.0
2025-12-21,81,13.5,1155.0582000000004,1475.014235195449,2234.9369351954488,0.0
2025-12-21,82,13.666666666666666,1521.7446999999997,1519.677008114382,2209.409108114381,0.0
2025-12-21,83,13.833333333333334,1811.2975000000008,1656.1254122104745,0.0,0.0
2025-12-21,84,14.0,1769.3795000000005,1907.98285960548,0.0,0.0
2025-12-21,85,14.166666666666666,1906.2944999999997,2308.79089582652,0.0,0.0
2025-12-21,86,14.333333333333334,2305.1825,2643.3633789769074,0.0,0.0
2025-12-21,87,14.5,2582.305999999999,2640.3854159836083,0.0,0.0
2025-12-21,88,14.666666666666666,2946.1965,2765.4273126643784,1963.5866752673735,0.0
2025-12-21,89,14.833333333333334,3351.2424999999994,3134.3135872821103,8865.32358728211,0.0
2025-12-21,90,15.0,3518.7214999999997,3407.9130439956602,8911.00754399566,0.0
2025-12-21,91,15.166666666666666,3844.8365000000003,3573.3786516269743,9016.854551626975,0.0
2025-12-21,92,15.333333333333334,4246.127499999999,3823.231635952754,8969.309135952753,276.81836404724436
2025-12-21,93,15.5,4252.167399999999,4311.762237627785,9610.18619905903,0.0
2025-12-21,94,15.666666666666666,4421.070899999999,4600.8596746723615,4979.755674672361,0.0
2025-12-21,95,15.833333333333334,4775.5825,4618.486873819689,5120.584373819688,0.0
2025-12-21,96,16.0,4808.2912,4725.332083211259,5107.37168321126,0.0
2025-12-21,97,16.166666666666668,5055.8589,4966.503978999586,5179.286078999587,0.0
2025-12-21,98,16.333333333333332,5550.655,5333.418956052223,5617.151456052222,0.0
2025-12-21,99,16.5,5758.756799999999,5767.958907959751,6063.50030795975,0.0
2025-12-21,100,16.666666666666668,5957.1851,5903.000493950243,6308.938493950245,0.0
2025-12-21,101,16.833333333333332,6172.78,5827.278703479089,6080.731203479089,92.0487965209104
2025-12-21,102,17.0,6112.1741999999995,5958.136333277518,6156.337585037205,0.0
2025-12-21,103,17.166666666666668,6154.5018,6038.917119885627,6146.400919885628,8.100880114371193
2025-12-21,104,17.333333333333332,6338.7699999999995,6015.733920810986,6149.031420810987,189.73857918901285
2025-12-21,105,17.5,6290.094799999999,6076.816895855111,6253.270895855112,36.82390414488691
2025-12-21,106,17.666666666666668,5392.4606,5277.148653496659,5598.547053496658,0.0
2025-12-21,107,17.833333333333332,4275.8,4112.054518862022,4273.314518862021,2.485481137978695
2025-12-21,108,18.0,4292.4866999999995,4138.671661535835,4268.725761535834,23.760938464166202
2025-12-21,109,18.166666666666668,4489.6076,4283.068631106409,4429.086431106409,60.521168893592176
2025-12-21,110,18.333333333333332,4380.05,4029.3245812014025,4077.704581201401,302.34541879859853
2025-12-21,111,18.5,4406.0663,3948.4847368567935,4141.186436856793,264.8798631432064
2025-12-21,112,18.666666666666668,4500.4992999999995,4031.167416503191,1059.149931687783,260.99688349680787
2025-12-21,113,18.833333333333332,4490.76,4141.348969822043,0.0,48.82824657135984
2025-12-21,114,19.0,4334.8994,4204.29552891112,0.0,0.0
2025-12-21,115,19.166666666666668,4356.9931,4256.837574237679,0.0,0.0
2025-12-21,116,19.333333333333332,4466.59,4254.898154298357,0.0,0.0
2025-12-21,117,19.5,4301.5722,4126.25570246135,0.0,0.0
2025-12-21,118,19.666666666666668,4398.717,4107.8137787838,0.0,0.0
2025-12-21,119,19.833333333333332,4681.609999999999,4262.008183783633,0.0,266.521816216366
2025-12-21,120,20.0,4485.5154,4387.4146768345545,0.0,0.0
2025-12-21,121,20.166666666666668,4156.902599999999,4272.38711309594,0.0,0.0
2025-12-21,122,20.333333333333332,4090.51,4046.7428000233813,0.0,0.0
2025-12-21,123,20.5,4322.2266,4053.1517222789453,0.0,92.04477772105383
2025-12-21,124,20.666666666666668,4336.8009999999995,4157.197334521401,4376.3800345214,0.0
2025-12-21,125,20.833333333333332,4144.46,4205.343433414708,4438.653433414707,0.0
2025-12-21,126,21.0,4227.261,4175.743054011675,4350.710954011674,0.0
2025-12-21,127,21.166666666666668,4326.9643,4157.469975425601,4318.734375425601,8.229924574398638
2025-12-21,128,21.333333333333332,4357.83,4230.67441845034,4470.96441845034,0.0
2025-12-21,129,21.5,4437.1142,4323.093378219917,4465.5448782199155,0.0
2025-12-21,130,21.666666666666668,4070.9953999999993,3929.535316809749,4099.120916809748,0.0
2025-12-21,131,21.833333333333332,3434.3999999999996,3284.7111457129663,8523.421145712966,0.0
2025-12-21,132,22.0,3270.5539,3183.773023121259,8346.373923121258,0.0
2025-12-21,133,22.166666666666668,3305.0167999999994,3272.1646664112195,3444.5112664112194,0.0
2025-12-21,134,22.333333333333332,3255.5999999999995,3244.6095351848603,8462.62953518486,0.0
2025-12-21,135,22.5,3155.514,3152.0421159743355,8458.093215974335,0.0
2025-12-21,136,22.666666666666668,3260.3635,3135.5110912834652,8349.678591283464,0.0
2025-12-21,137,22.833333333333332,3508.9699999999993,3222.320322004072,8389.750322004073,119.21967799592721
2025-12-21,138,23.0,3554.7153999999996,3321.3407948270897,7470.999994827089,83.71540517291078
2025-12-21,139,23.166666666666668,3395.6628,3377.2157461665915,8618.563795967095,0.0
2025-12-21,140,23.333333333333332,3305.5899999999997,3331.6964089963176,8522.725073018199,0.0
2025-12-21,141,23.5,3539.7612999999997,3207.398234467946,8292.910534467945,246.85076553205408
2025-12-21,142,23.666666666666668,3571.991,3340.5226032557434,3443.1264032557438,128.86459674425623
2025-12-21,143,23.833333333333332,3464.3999999999996,3580.629141979306,3638.259141979306,0.0
