date,interval,hour,actual_net_kw,emergency_kw,forecast_00_kw,forecast_06_kw,forecast_12_kw,forecast_18_kw
2025-03-20,0,0.0,3299.0689,0.0,3617.1513999999997,,,
2025-03-20,1,0.16666666666666666,3421.881,0.0,3585.3143,,,
2025-03-20,2,0.3333333333333333,3683.11,168.90000000000055,3514.2099999999996,,,
2025-03-20,3,0.5,3476.7369999999996,0.0,3566.7633,,,
2025-03-20,4,0.6666666666666666,3302.6694999999995,0.0,3529.764,,,
2025-03-20,5,0.8333333333333334,3426.9399999999996,36.34000000000037,3390.5999999999995,,,
2025-03-20,6,1.0,3609.5342999999993,256.6559999999997,3352.8783,,,
2025-03-20,7,1.1666666666666667,3668.9025,359.99700000000007,3308.9055,,,
2025-03-20,8,1.3333333333333333,3589.3,329.2200000000007,3260.0799999999995,,,
2025-03-20,9,1.5,3503.6156999999994,150.15729999999985,3353.4583999999995,,,
2025-03-20,10,1.6666666666666667,3545.9703,0.0,3552.8392,,,
2025-03-20,11,1.8333333333333333,3590.66,0.0,3655.7299999999996,,,
2025-03-20,12,2.0,3395.9017,0.0,3484.6496,,,
2025-03-20,13,2.1666666666666665,3276.7246,0.0,3416.4268999999995,,,
2025-03-20,14,2.3333333333333335,3394.28,0.0,3529.1899999999996,,,
2025-03-20,15,2.5,3587.5594,22.46270000000004,3565.0967,,,
2025-03-20,16,2.6666666666666665,3605.7267999999995,0.0,3662.8512,,,
2025-03-20,17,2.8333333333333335,3522.79,0.0,3749.1399999999994,,,
2025-03-20,18,3.0,3631.2617999999998,54.92739999999958,3576.3344,,,
2025-03-20,19,3.1666666666666665,3731.3543,280.95900000000006,3450.3953,,,
2025-03-20,20,3.3333333333333335,3721.0099999999998,198.6400000000001,3522.37,,,
2025-03-20,21,3.5,3699.7384999999995,68.51049999999987,3631.228,,,
2025-03-20,22,3.6666666666666665,3674.7824999999993,105.3438999999994,3569.4386,,,
2025-03-20,23,3.8333333333333335,3623.58,168.5400000000002,3455.0399999999995,,,
2025-03-20,24,4.0,3538.7677999999996,0.0,3583.9837999999995,,,
2025-03-20,25,4.166666666666667,3488.7842999999993,0.0,3645.8233,,,
2025-03-20,26,4.333333333333333,3513.51,0.0,3577.0699999999997,,,
2025-03-20,27,4.5,3598.3508,0.0,3630.4400999999993,,,
2025-03-20,28,4.666666666666667,3700.4358999999995,0.0,3717.5033999999996,,,
2025-03-20,29,4.833333333333333,3753.57,26.500000000000455,3727.0699999999997,,,
2025-03-20,30,5.0,3716.6034999999997,64.27490000000012,3652.3286,,,
2025-03-20,31,5.166666666666667,3707.0663999999997,79.47949999999992,3627.5869,,,
2025-03-20,32,5.333333333333333,3642.69,16.82000000000039,3625.87,,,
2025-03-20,33,5.5,3452.5804000000007,0.0,3603.0838,,,
2025-03-20,34,5.666666666666667,4028.7786999999994,0.0,4178.7819,,,
2025-03-20,35,5.833333333333333,4962.09,0.0,4976.26,,,
2025-03-20,36,6.0,4751.699600000001,110.52003674944876,4637.076083333333,4641.179563250552,,
2025-03-20,37,6.166666666666667,4259.7799,17.406682672886518,4235.489366666667,4242.373217327114,,
2025-03-20,38,6.333333333333333,4028.2249999999995,0.0,4072.97035,4082.6363908015364,,
2025-03-20,39,6.5,3774.2692000000006,83.7212850560527,3678.0979333333335,3690.547914943948,,
2025-03-20,40,6.666666666666667,3516.9354999999996,198.64177637917237,3303.058116666667,3318.293723620827,,
2025-03-20,41,6.833333333333333,3187.0925,127.98894680307149,3041.0806999999995,3059.1035531969287,,
2025-03-20,42,7.0,2679.4530000000004,0.0,2683.881866666666,2738.240992440898,,
2025-03-20,43,7.166666666666667,2407.449699999999,0.0,2504.155733333334,2594.8526324344666,,
2025-03-20,44,7.333333333333333,2217.4624999999996,0.0,2244.9669,2372.0030164850723,,
2025-03-20,45,7.5,1684.1412,0.0,1564.208266666666,1727.5849900417827,,
2025-03-20,46,7.666666666666667,2007.4684000000002,0.0,1973.375133333333,2173.093800614387,,
2025-03-20,47,7.833333333333333,2929.0775000000003,0.0,2956.2230999999992,3192.284997695555,,
2025-03-20,48,8.0,2896.8230999999996,231.32745064740175,2455.5265333333336,2665.495649352598,,
2025-03-20,49,8.166666666666666,2630.228399999999,592.6255078446138,1853.7253666666652,2037.6028921553855,,
2025-03-20,50,8.333333333333334,2466.9450000000006,499.431118892996,1809.7268,1967.5138811070049,,
2025-03-20,51,8.5,1996.0330999999987,315.3899270896486,1548.9454333333342,1680.6431729103501,,
2025-03-20,52,8.666666666666666,1668.0308,263.0847740960894,1299.3365666666643,1404.9460259039106,,
2025-03-20,53,8.833333333333334,1576.9225000000008,374.3198000000011,1123.0804999999998,1202.6026999999997,,
2025-03-20,54,9.0,1327.7026,408.88009337472386,759.4585500000005,918.8225066252762,,
2025-03-20,55,9.166666666666666,903.1102000000001,231.2154413364433,432.6880999999987,671.8947586635568,,
2025-03-20,56,9.333333333333334,463.1125000000002,0.0,175.15774999999985,494.2080204007675,,
2025-03-20,57,9.5,216.56850000000122,7.543442528028663,-189.86969999999928,209.02505747197256,,
2025-03-20,58,9.666666666666666,247.54409999999916,236.43026318958346,-467.62625000000025,11.113836810415705,,
2025-03-20,59,9.833333333333334,271.2424999999994,382.13127340153414,-669.4749999999999,-110.88877340153476,,
2025-03-20,60,10.0,-97.25250000000005,233.3962871128856,-873.3675333333335,-330.64878711288566,,
2025-03-20,61,10.166666666666666,-328.726799999999,245.92825044943493,-1101.507066666667,-574.6550504494339,,
2025-03-20,62,10.333333333333334,-405.46499999999924,398.7266917574648,-1315.1777000000006,-804.191691757464,,
2025-03-20,63,10.5,-814.2784000000001,270.0171383124425,-1579.4162333333338,-1084.2955383124427,,
2025-03-20,64,10.666666666666666,-1103.019400000001,101.48021635947089,-1683.755666666667,-1204.499616359472,,
2025-03-20,65,10.833333333333334,-983.1000000000008,229.11835115222084,-1675.6103999999996,-1212.2183511522217,,
2025-03-20,66,11.0,-659.6243000000004,684.4895003237007,-1633.292100000001,-1344.113800323701,,
2025-03-20,67,11.166666666666666,-659.0469000000012,981.3203539223059,-1755.3323999999998,-1640.367253922307,,
2025-03-20,68,11.333333333333334,-957.4625000000001,917.6900344464975,-1815.9051,-1875.1525344464976,,
2025-03-20,69,11.5,-1081.6056999999992,775.3943635448268,-1623.540600000002,-1857.000063544826,,
2025-03-20,70,11.666666666666666,-1255.410699999999,740.735862048045,-1588.4756000000016,-1996.146562048044,,
2025-03-20,71,11.833333333333334,-1650.1299999999992,700.09175,-1768.3398,-2350.2217499999992,,
2025-03-20,72,12.0,-2124.1279000000004,0.0,-1623.111716666668,-2492.686630020694,-1754.7063567982595,
2025-03-20,73,12.166666666666666,-2235.340799999999,0.0,-1341.9507333333331,-2499.218137334888,-1693.6742554148186,
2025-03-20,74,12.333333333333334,-1825.7025000000003,0.0,-1051.36655,-2496.3259897996163,-1623.136387353541,
2025-03-20,75,12.5,-1198.9765999999993,429.6484716667155,-836.8883666666677,-2569.539404597346,-1628.6250716667148,
2025-03-20,76,12.666666666666666,-1038.5893999999996,502.3496095808009,-529.3118833333319,-2549.6540982614592,-1540.9390095808005,
2025-03-20,77,12.833333333333334,-1174.42,144.8472889474442,-87.82330000000047,-2395.8562867007677,-1319.2672889474443,
2025-03-20,78,13.0,-828.4533999999999,202.33527185965886,156.08756666666613,-2068.129735223108,-1030.7886718596587,
2025-03-20,79,13.166666666666666,-541.8022999999994,388.1051487729219,212.3329333333345,-1928.0683085580504,-929.9074487729213,
2025-03-20,80,13.333333333333334,-570.7124999999992,328.48919247055846,198.3372999999997,-1858.2475208787318,-899.2016924705576,
2025-03-20,81,13.5,-613.1947,81.73407854600646,357.8457666666666,-1614.9222858228868,-694.9287785460065,
2025-03-20,82,13.666666666666666,-628.7564000000007,42.35468907429231,336.83833333333246,-1552.1126165130722,-671.111089074293,
2025-03-20,83,13.833333333333334,-519.9299999999985,223.618016144781,219.51790000000005,-1585.6156255761116,-743.5480161447795,
2025-03-20,84,14.0,-170.1313999999993,145.95611526049333,699.0794999999985,-1096.527758495186,-316.08751526049264,
2025-03-20,85,14.166666666666666,111.32340000000067,138.2732586090151,1040.264200000001,-745.8164936278195,-26.949858609014427,
2025-03-20,86,14.333333333333334,237.10249999999905,140.36488820982095,1215.9467,-560.6071422232494,96.73761179017811,
2025-03-20,87,14.5,421.75969999999916,0.0,1692.195899999998,-74.83081510574766,521.0418310572641,
2025-03-20,88,14.666666666666666,758.1510999999987,0.0,2166.671200000001,409.1718773093139,943.6203085380507,
2025-03-20,89,14.833333333333334,1083.8650000000002,0.0,2458.8254999999995,710.8538249999997,1183.9241250000005,
2025-03-20,90,15.0,1183.9114000000009,0.0,2620.5618999999992,977.5055016563183,1411.4268132675363,
2025-03-20,91,15.166666666666666,1492.8405999999995,0.0,2789.4359000000004,1251.2950146658907,1646.110005625923,
2025-03-20,92,15.333333333333334,2040.8550000000002,75.67351867677053,3042.656899999999,1609.431755100192,1965.1814813232297,
2025-03-20,93,15.5,2416.6935999999996,32.43381916669068,3395.8449999999984,2067.5358143679923,2384.259780833309,
2025-03-20,94,15.666666666666666,2714.7146999999995,145.4084964570659,3514.9630000000016,2291.569984202605,2569.3062035429334,
2025-03-20,95,15.833333333333334,3043.9450000000006,396.9182944737229,3526.7182999999995,2408.241656649616,2647.0267055262775,
2025-03-20,96,16.0,3373.569300000001,303.4686025964961,3824.449683333335,2842.3237073884447,3070.1006974035045,
2025-03-20,97,16.166666666666668,3594.4033,89.66405771979521,4133.711566666665,3287.936445720976,3504.739242280205,
2025-03-20,98,16.333333333333332,3784.5375000000004,9.225046235277887,4278.87535,3569.4512645606346,3775.3124537647222,
2025-03-20,99,16.5,4132.4133,76.32170593966907,4434.213533333335,3861.1406570885556,4056.091594060331,
2025-03-20,100,16.666666666666668,4456.345699999999,64.23632787047814,4644.760016666665,4208.038516743466,4392.10937212952,
2025-03-20,101,16.833333333333332,4724.477499999999,0.0,4946.952399999999,4646.582437211944,4819.80224192761,
2025-03-20,102,17.0,5059.394700000001,0.0,5326.4493666666685,5076.154512419074,5222.932067369755,
2025-03-20,103,17.166666666666668,5243.1311000000005,0.0,5344.713533333331,5144.493936519422,5264.856120695492,
2025-03-20,104,17.333333333333332,5428.3425,166.05281910491135,5318.461199999999,5168.3170038883745,5262.289680895088,
2025-03-20,105,17.5,5838.544499999999,26.934334471366128,5844.0707666666685,5744.002109113793,5811.610165528633,
2025-03-20,106,17.666666666666668,5238.0191,0.0,5435.3042333333315,5385.311246987991,5426.5786292690245,
2025-03-20,107,17.833333333333332,4094.1199999999994,0.0,4339.62,4339.7028125,4354.6525625,
2025-03-20,108,18.0,4187.9837,160.9824941272184,4184.4012999999995,4184.480984161493,4198.865989967102,4027.0012058727743
2025-03-20,109,18.166666666666668,4435.8493,232.10292249859822,4355.200499999999,4355.277173999611,4369.118769479628,4203.746377501401
2025-03-20,110,18.333333333333332,4255.449999999999,92.0327668640366,4309.15,4309.223777550096,4322.5424906616145,4163.417233135962
2025-03-20,111,18.5,4286.5369,72.5041420931143,4354.2603,4354.33129051733,4367.146873749987,4214.032757906885
2025-03-20,112,18.666666666666668,4469.846,266.46958359107134,4338.3067,4338.375008767968,4350.706468438133,4203.376416408929
2025-03-20,113,18.833333333333332,4579.24,420.1531351902154,4288.92,4288.9857283248075,4300.8513527631385,4159.086864809784
2025-03-20,114,19.0,4480.3081999999995,190.19163749872519,4415.0451,4415.10834536089,4426.525732035086,4290.1165625012745
2025-03-20,115,19.166666666666668,4285.532999999999,0.0,4447.7655,4447.826356193821,4458.81243780677,4327.556283310403
2025-03-20,116,19.333333333333332,4196.78,0.0,4430.96,4431.018557280317,4441.589626882361,4315.291826286895
2025-03-20,117,19.5,4330.8684,0.0,4648.3362,4648.392545210944,4658.564280363498,4537.037526083238
2025-03-20,118,19.666666666666668,4370.945999999999,0.0,4630.751,4630.8052167050655,4640.592702731427,4523.656762942583
2025-03-20,119,19.833333333333332,4358.21,55.68862769063958,4405.57,4405.622168605972,4415.039920963804,4302.52137230936
2025-03-20,120,20.0,4586.0191,225.26534592316307,4459.9096,4459.959797876204,4469.021783684877,4360.753754076837
2025-03-20,121,20.166666666666668,4523.662899999999,229.3203185146699,4389.7527,4389.801001593045,4398.520660347746,4294.34258148533
2025-03-20,122,20.333333333333332,4215.37,111.80589031571162,4195.369999999999,4195.416476944187,4203.806740447544,4103.564109684288
2025-03-20,123,20.5,4256.2469,16.70361602906678,4327.8811,4327.925821223564,4335.999132764316,4239.543283970933
2025-03-20,124,20.666666666666668,4319.0159,0.0,4512.034399999999,4512.077431827327,4519.845764634512,4427.033647717661
2025-03-20,125,20.833333333333332,4257.25,0.0,4484.869999999999,4484.911406249999,4492.386281249999,4403.080249999999
2025-03-20,126,21.0,4290.268099999999,95.9035470636129,4273.0646,4273.104442080747,4280.296944983551,4194.364552936387
2025-03-20,127,21.166666666666668,4418.703599999999,254.64096124929847,4239.7897,4239.828036999806,4246.748834739814,4164.062638750701
2025-03-20,128,21.333333333333332,4553.6,219.8863834320191,4406.58,4406.616888775048,4413.276245330807,4333.713616567981
2025-03-20,129,21.5,4526.2528,205.7171710465566,4390.6494,4390.684895258665,4397.092686874994,4320.535628953443
2025-03-20,130,21.666666666666668,4001.6251999999995,155.70924179553504,3913.3811,3913.415254383984,3919.5809842190665,3845.9159582044645
2025-03-20,131,21.833333333333332,3318.939999999999,37.24656759510799,3346.6099999999997,3346.6428641624034,3352.57567638157,3281.6934324048916
2025-03-20,132,22.0,3233.4088,0.0,3373.0005,3373.032122680445,3378.740816017543,3310.536231250637
2025-03-20,133,22.166666666666668,3319.9709999999995,0.0,3465.5966,3465.62702809691,3471.1200689033844,3405.4919916552008
2025-03-20,134,22.333333333333332,3255.8400000000006,0.0,3381.63,3381.659278640159,3386.9448134411805,3323.795913143448
2025-03-20,135,22.5,3144.1325999999995,0.0,3375.153,3375.181172605472,3380.267040181749,3319.503663041619
2025-03-20,136,22.666666666666668,3161.8174,0.0,3326.3207,3326.3478083525333,3331.241551365714,3272.7735814712914
2025-03-20,137,22.833333333333332,3296.399999999999,49.76431384531861,3298.16,3298.186084302986,3302.8949604819018,3246.63568615468
2025-03-20,138,23.0,3356.4080999999996,0.0,3488.4212,3488.4462989381022,3492.9772918424387,3438.843277038419
2025-03-20,139,23.166666666666668,3261.7676000000006,0.0,3525.4193,3525.4434507965225,3529.8032801738736,3477.714240742665
2025-03-20,140,23.333333333333332,3267.73,0.0,3418.4699999999993,3418.4932384720933,3422.6883702237715,3372.567054842144
2025-03-20,141,23.5,3604.0759999999996,178.48920801453323,3469.7556999999997,3469.7780606117813,3473.814716382158,3425.5867919854663
2025-03-20,142,23.666666666666668,3245.8691,198.29177614116907,3090.0777,3090.099215913664,3093.9833823172557,3047.577323858831
2025-03-20,143,23.833333333333332,2401.0,1.5848749999998972,2440.31,2440.3307031249997,2444.068140625,2399.415125
2025-06-21,0,0.0,3087.9838,0.0,3292.2207,,,
2025-06-21,1,0.16666666666666666,3200.0918999999994,0.0,3247.762,,,
2025-06-21,2,0.3333333333333333,3401.46,266.0400000000002,3135.4199999999996,,,
2025-06-21,3,0.5,3063.5261,0.0,3144.8943,,,
2025-06-21,4,0.6666666666666666,2820.2572,0.0,3189.3566,,,
2025-06-21,5,0.8333333333333334,2883.38,0.0,3191.86,,,
2025-06-21,6,1.0,2869.9795999999997,0.0,3141.3129,,,
2025-06-21,7,1.1666666666666667,2985.8287,7.538099999999986,2978.2906,,,
2025-06-21,8,1.3333333333333333,3164.1799999999994,304.2199999999996,2859.96,,,
2025-06-21,9,1.5,3064.8457,73.42879999999968,2991.4169,,,
2025-06-21,10,1.6666666666666667,2954.0459,67.59689999999989,2886.449,,,
2025-06-21,11,1.8333333333333333,2994.62,310.0400000000001,2684.58,,,
2025-06-21,12,2.0,3072.4014,90.52740000000063,2981.874,,,
2025-06-21,13,2.1666666666666665,3013.1014999999998,0.0,3040.3061,,,
2025-06-21,14,2.3333333333333335,2838.75,56.1400000000001,2782.6099999999997,,,
2025-06-21,15,2.5,2749.9199,0.0,2861.4034,,,
2025-06-21,16,2.6666666666666665,2820.5847,0.0,2863.2888,,,
2025-06-21,17,2.8333333333333335,2936.24,229.5,2706.74,,,
2025-06-21,18,3.0,2920.1882,152.6781000000003,2767.5100999999995,,,
2025-06-21,19,3.1666666666666665,2951.0328,124.44929999999977,2826.5835,,,
2025-06-21,20,3.3333333333333335,2977.51,156.12999999999988,2821.38,,,
2025-06-21,21,3.5,2780.2817999999997,0.0,2923.5019999999995,,,
2025-06-21,22,3.6666666666666665,2728.3058999999994,0.0,2996.6877,,,
2025-06-21,23,3.8333333333333335,2862.1899999999996,0.0,2885.8,,,
2025-06-21,24,4.0,2845.6919000000003,238.17911666666703,2607.512783333333,,,
2025-06-21,25,4.166666666666667,2748.951,149.01943333333338,2599.9315666666666,,,
2025-06-21,26,4.333333333333333,2677.31,0.0,2796.4072499999997,,,
2025-06-21,27,4.5,2657.7196999999996,0.0,2716.2026333333333,,,
2025-06-21,28,4.666666666666667,2702.3205,66.90528333333327,2635.4152166666663,,,
2025-06-21,29,4.833333333333333,2725.045,99.2705000000002,2625.7745,,,
2025-06-21,30,5.0,2547.9523,194.4581833333334,2353.4941166666663,,,
2025-06-21,31,5.166666666666667,2342.9007,55.221366666666086,2287.679333333334,,,
2025-06-21,32,5.333333333333333,2225.0750000000003,0.0,2400.35635,,,
2025-06-21,33,5.5,2157.4679999999985,0.0,2296.2271666666666,,,
2025-06-21,34,5.666666666666667,2022.2095,0.0,2072.0703833333337,,,
2025-06-21,35,5.833333333333333,1850.9399999999996,0.0,1909.4382,,,
2025-06-21,36,6.0,1751.7749999999999,89.40626597542291,1725.5295166666663,1662.368734024577,,
2025-06-21,37,6.166666666666667,1478.8282,0.0,1391.4280333333336,1304.3891504391281,,
2025-06-21,38,6.333333333333333,998.1075,183.4044675540398,925.63105,814.7030324459602,,
2025-06-21,39,6.5,584.3110999999999,76.63320311734151,642.5056666666661,507.6778968826584,,
2025-06-21,40,6.666666666666667,517.2726000000005,95.42555515971605,580.5847833333336,421.8470448402844,,
2025-06-21,41,6.833333333333333,605.0199999999995,189.24363774178119,598.4339000000001,415.77636225821834,,
2025-06-21,42,7.0,379.6937999999998,10.113112836802884,528.5726333333331,369.5806871631969,,
2025-06-21,43,7.166666666666667,131.5661,5.389889779934265,261.511666666667,126.17621022006574,,
2025-06-21,44,7.333333333333333,-50.03749999999968,0.0,-77.28380000000061,-188.97152473827623,,
2025-06-21,45,7.5,-377.8006999999998,0.0,-293.47456666666744,-381.5229868676172,,
2025-06-21,46,7.666666666666667,-697.8223,0.0,-513.6091333333334,-578.0263578217725,,
2025-06-21,47,7.833333333333333,-941.0649999999998,0.0,-759.0815000000002,-799.8753312804515,,
2025-06-21,48,8.0,-1172.7127000000003,0.0,-795.3315833333329,-867.0684958283043,,
2025-06-21,49,8.166666666666666,-1280.8112999999996,0.0,-916.8405666666672,-1019.5277845177911,,
2025-06-21,50,8.333333333333334,-1321.1099999999997,0.0,-1109.1029500000002,-1242.7474244485556,,
2025-06-21,51,8.5,-1448.8976,0.0,-1163.302433333333,-1327.910853029376,,
2025-06-21,52,8.666666666666666,-1378.5776000000005,0.0,-1054.3810166666672,-1249.9598175887159,,
2025-06-21,53,8.833333333333334,-1095.455,0.0,-874.7144000000003,-1101.269775,,
2025-06-21,54,9.0,-961.0523000000001,0.0,-1037.068116666665,-1190.3763246543774,,
2025-06-21,55,9.166666666666666,-1289.8198000000007,0.0,-1320.8785333333346,-1400.9453081137685,,
2025-06-21,56,9.333333333333334,-1969.7125000000003,0.0,-1740.3276500000002,-1747.1585087770204,,
2025-06-21,57,9.5,-2526.7094,0.0,-2258.633266666666,-2192.2335182253364,,
2025-06-21,58,9.666666666666666,-2697.1571000000004,0.0,-2703.4221833333354,-2563.7969359131903,,
2025-06-21,59,9.833333333333334,-2643.3975,0.0,-2979.2609,-2766.415068870891,,
2025-06-21,60,10.0,-2763.7852,0.0,-2923.0818666666664,-2686.4277314184014,,
2025-06-21,61,10.166666666666666,-2934.1027999999997,0.0,-3133.436733333333,-2872.9788448899662,,
2025-06-21,62,10.333333333333334,-3099.0775000000003,0.0,-3478.0653999999995,-3193.8081373691375,,
2025-06-21,63,10.5,-3367.087400000001,0.0,-3494.8287666666665,-3186.7763434338094,,
2025-06-21,64,10.666666666666666,-3677.5579,0.0,-3564.2284333333328,-3232.3849039108854,,
2025-06-21,65,10.833333333333334,-3720.89,0.0,-3849.6299,-3493.999165640226,,
2025-06-21,66,11.0,-3360.965,0.0,-4102.178666666667,-3679.2934645808195,,
2025-06-21,67,11.166666666666666,-3882.2551,0.0,-4198.673633333334,-3708.537575592228,,
2025-06-21,68,11.333333333333334,-4844.464999999999,0.0,-4195.1882000000005,-3637.804762224278,,
2025-06-21,69,11.5,-4475.5737,0.0,-4253.810166666665,-3629.182693181355,,
2025-06-21,70,11.666666666666666,-3953.3573000000006,0.0,-4356.801033333331,-3664.93274212769,,
2025-06-21,71,11.833333333333334,-4034.0325000000007,0.0,-4467.736499999999,-3708.6304874999987,,
2025-06-21,72,12.0,-4308.721599999999,0.0,-4450.685633333333,-3810.060745660522,-4010.932731019456,
2025-06-21,73,12.166666666666666,-4448.7403,0.0,-4415.489066666665,-3893.3481707235505,-4020.100064131796,
2025-06-21,74,12.333333333333334,-4454.452499999999,0.0,-4368.8736,-3965.21945438851,-4017.8650495079514,
2025-06-21,75,12.5,-4545.883300000001,0.0,-4339.159933333333,-4053.995192446002,-4032.547761866904,
2025-06-21,76,12.666666666666666,-4630.128100000001,0.0,-4341.353866666666,-4174.681084623263,-4079.153399548354,
2025-06-21,77,12.833333333333334,-4361.589999999999,0.0,-4336.1507,-4287.972334435446,-4118.376683620423,
2025-06-21,78,13.0,-3582.9478999999997,111.23795702104871,-3935.7659666666677,-3854.639415709201,-3694.1858570210484,
2025-06-21,79,13.166666666666666,-3492.3077000000008,0.0,-3571.7387333333327,-3457.6662724449848,-3306.3661837318436,
2025-06-21,80,13.333333333333334,-3751.597499999999,0.0,-3232.6149000000005,-3085.5987186845705,-2943.463047983135,
2025-06-21,81,13.5,-2865.5227999999993,0.0,-2820.609066666668,-2640.6512717169035,-2507.6905534890507,
2025-06-21,82,13.666666666666666,-2149.5168000000003,0.0,-2461.162533333333,-2248.265151955444,-2124.4895227114953,
2025-06-21,83,13.833333333333334,-2094.3499999999995,0.0,-2149.4991,-1903.6640828201132,-1789.0832961519263,
2025-06-21,84,14.0,-1893.9072999999999,0.0,-2143.7989166666666,-1802.242923957077,-1689.7741816698988,
2025-06-21,85,14.166666666666666,-1732.0658999999998,0.0,-2211.0858333333335,-1773.8106711294474,-1663.4630038273326,
2025-06-21,86,14.333333333333334,-1730.7474999999997,0.0,-2331.2089499999997,-1798.2163561121392,-1689.9984532575702,
2025-06-21,87,14.5,-1737.2093999999993,0.0,-2307.4667666666664,-1678.7584132573431,-1572.6786360582512,
2025-06-21,88,14.666666666666666,-1796.7965000000002,0.0,-2187.1596833333324,-1462.7371793971784,-1358.8035732071387,
2025-06-21,89,14.833333333333334,-1800.7824999999998,0.0,-2113.6287999999995,-1293.4936937499997,-1191.7140000000002,
2025-06-21,90,15.0,-1540.9204000000007,0.0,-1729.4242666666678,-1123.8606644969286,-1004.3803155097287,
2025-06-21,91,15.166666666666666,-1228.7289999999996,0.0,-1431.2772333333317,-1040.2865686951084,-903.1127320658975,
2025-06-21,92,15.333333333333334,-935.6000000000004,0.0,-1010.7011999999993,-834.2848521942542,-679.4244247539748,
2025-06-21,93,15.5,-543.9376999999995,0.0,-324.75606666666795,-362.91536288966813,-190.37498093345243,
2025-06-21,94,15.666666666666666,-163.97389999999996,0.0,245.31786666666812,-7.418350644963311,182.795600225822,
2025-06-21,95,15.833333333333334,162.02999999999997,0.0,674.1164000000003,206.80203278227805,414.6834081897889,
2025-06-21,96,16.0,471.4293,0.0,966.1237333333338,559.707933812065,744.0650714894755,
2025-06-21,97,16.166666666666668,619.2257999999999,0.0,980.6875666666658,635.1691971108423,795.9964081340777,
2025-06-21,98,16.333333333333332,635.4450000000002,0.0,970.4365999999998,685.8145656577155,823.1063760084323,
2025-06-21,99,16.5,692.5442,0.0,1562.9187333333348,1339.1919808082139,1452.9431232554746,
2025-06-21,100,16.666666666666668,657.7180999999994,0.0,1571.2267666666658,1408.3942823556138,1498.5996886442524,
2025-06-21,101,16.833333333333332,616.6875,0.0,1035.4268000000002,933.4876085899438,1000.1424019240367,
2025-06-21,102,17.0,855.7645999999996,0.0,1291.2160166666683,1221.0612796881273,1265.1124841650503,
2025-06-21,103,17.166666666666668,1276.77,0.0,1658.926933333331,1620.5557477686102,1641.9988480863321,
2025-06-21,104,17.333333333333332,1733.8074999999997,0.0,1790.6452500000005,1784.0567469439309,1782.8873983712147,
2025-06-21,105,17.5,2120.821,128.09706802912524,1991.316566666668,2016.5099100379932,1992.7239319708744,
2025-06-21,106,17.666666666666668,2293.9254999999994,47.83696160356999,2235.5207833333316,2292.495168634745,2246.0885383964296,
2025-06-21,107,17.833333333333332,2315.4100000000008,0.0,2502.1137,2590.8683531249994,2521.8372,
2025-06-21,108,18.0,2414.1542,0.0,2742.9510833333347,2816.898076084869,2759.0264422451364,2735.5592136996675
2025-06-21,109,18.166666666666668,2619.7485,0.0,2947.6977666666653,3006.836382319113,2960.1206839670513,2945.791677742587
2025-06-21,110,18.333333333333332,2890.0899999999997,0.0,3119.574449999999,3163.9039989028724,3128.340787623012,3123.1897925089493
2025-06-21,111,18.5,3180.7749999999996,0.0,3344.714733333334,3374.2345518884986,3349.8205095332733,3353.885811251213
2025-06-21,112,18.666666666666668,3512.7281000000003,0.0,3509.9860166666654,3524.695466344184,3511.4274001129106,3524.7458380967864
2025-06-21,113,18.833333333333332,3844.957499999999,160.1019738738214,3664.475199999999,3664.373666391138,3662.2485040948936,3684.8555261261777
2025-06-21,114,19.0,4004.9442,184.47182447627415,3800.832733333333,3800.6967419060334,3798.6688607447372,3820.4723755237255
2025-06-21,115,19.166666666666668,3703.4815,0.0,3825.8521666666666,3825.681148555421,3823.747704067039,3844.780531798201
2025-06-21,116,19.333333333333332,3293.4799999999996,0.0,3682.7925999999998,3682.586007828858,3680.7442630042156,3701.0379840706246
2025-06-21,117,19.5,3492.5253999999995,0.0,3567.1858333333325,3566.9431404041065,3565.190461627737,3584.775463426764
2025-06-21,118,19.666666666666668,3490.4325,3.5735586681362292,3469.8988666666664,3469.619566177806,3467.953419322126,3486.8589413318637
2025-06-21,119,19.833333333333332,3189.6199999999994,0.0,3506.94,3506.6236042949718,3505.0415509620184,3523.295728105263
2025-06-21,120,20.0,3348.2366,0.0,3809.9314999999997,3809.6270565107307,3808.1047670825255,3825.669371452643
2025-06-21,121,20.166666666666668,3725.1884,0.0,3890.9938,3890.7008572176383,3889.236074043167,3906.1371550537096
2025-06-21,122,20.333333333333332,3960.13,174.95870279676956,3770.5999999999995,3770.318123471965,3768.908674185607,3785.17129720323
2025-06-21,123,20.5,3881.8244999999997,0.0,3932.4897999999994,3932.218571685664,3930.8623659854366,3946.510649503418
2025-06-21,124,20.666666666666668,3513.6717,0.0,4058.3329999999996,4058.0720176507057,4056.7670441982145,4071.824195605694
2025-06-21,125,20.833333333333332,3160.32,0.0,3918.77,3918.5188765625,3917.2632000000003,3931.75155
2025-06-21,126,21.0,3214.7105999999994,0.0,3614.0096,3613.7679630424345,3612.5597211225677,3626.500756849833
2025-06-21,127,21.166666666666668,3489.1028999999994,106.29151112870613,3370.7920999999997,3370.5595911595565,3369.3969919835254,3382.8113888712933
2025-06-21,128,21.333333333333332,3713.49,359.3447537455254,3342.5799999999995,3342.3562744514356,3341.2375938115056,3354.1452462544744
2025-06-21,129,21.5,3715.4476999999997,210.4388443743935,3493.8804999999998,3493.665225944249,3492.5888047666367,3505.008855625606
2025-06-21,130,21.666666666666668,3460.6767999999997,0.0,3460.6217999999994,3460.4146581720915,3459.3789000564548,3471.3297690483932
2025-06-21,131,21.833333333333332,3169.68,0.0,3267.4399999999996,3267.2406831955686,3266.244052047447,3277.7434630630887
2025-06-21,132,22.0,3161.2424,0.0,3261.2988,3261.107012619683,3260.148030372369,3271.213037761863
2025-06-21,133,22.166666666666668,3268.4465,40.73688410090017,3218.1699,3217.9853576110436,3217.0626020335194,3227.7096158991
2025-06-21,134,22.333333333333332,3317.19,117.82065796468828,3190.1899999999996,3190.0124289144287,3189.124531502108,3199.369342035312
2025-06-21,135,22.5,3281.0391,0.0,3472.9638999999997,3472.7930368687203,3471.9386808138684,3481.796481713382
2025-06-21,136,22.666666666666668,3250.7573999999995,0.0,3653.9268999999995,3653.762491422236,3652.940409661063,3662.425820665931
2025-06-21,137,22.833333333333332,3190.3899999999994,0.0,3463.2299999999996,3463.0718021474854,3462.2807754810087,3471.4078640526313
2025-06-21,138,23.0,2998.9363,0.0,3048.478,3048.3257782553655,3047.5646335412625,3056.3469357263216
2025-06-21,139,23.166666666666668,2920.9743,7.812722473145072,2905.5899,2905.443428608819,2904.7110370215833,2913.1615775268547
2025-06-21,140,23.333333333333332,2989.3,0.0,3071.94,3071.799061735983,3071.0943370928035,3079.2256486016154
2025-06-21,141,23.5,3024.571,0.0,3193.2655,3193.1298858428318,3192.4517829927186,3200.2759247517088
2025-06-21,142,23.666666666666668,3193.3141,0.0,3497.8212999999996,3497.690808825352,3497.038322099107,3504.566897802846
2025-06-21,143,23.833333333333332,3636.14,0.0,3929.38,3929.25443828125,3928.6265999999996,3935.870775
2025-09-23,0,0.0,3421.106,0.0,3937.1457999999993,,,
2025-09-23,1,0.16666666666666666,3361.9091,0.0,4000.4017,,,
2025-09-23,2,0.3333333333333333,3388.6,0.0,3751.36,,,
2025-09-23,3,0.5,3591.0535,59.270400000000336,3531.7830999999996,,,
2025-09-23,4,0.6666666666666666,3639.0638999999996,202.37819999999988,3436.6857,,,
2025-09-23,5,0.8333333333333334,3538.62,84.07999999999993,3454.54,,,
2025-09-23,6,1.0,3584.1201,66.88230000000021,3517.2378,,,
2025-09-23,7,1.1666666666666667,3479.8299999999995,0.0,3497.5299,,,
2025-09-23,8,1.3333333333333333,3316.08,0.0,3422.74,,,
2025-09-23,9,1.5,3504.3200999999995,47.22469999999976,3457.0953999999997,,,
2025-09-23,10,1.6666666666666667,3611.1696999999995,0.0,3628.0074999999997,,,
2025-09-23,11,1.8333333333333333,3543.6399999999994,0.0,3727.7699999999995,,,
2025-09-23,12,2.0,3627.3783,106.64690000000019,3520.7313999999997,,,
2025-09-23,13,2.1666666666666665,3646.7972999999997,210.74379999999996,3436.0535,,,
2025-09-23,14,2.3333333333333335,3569.92,0.0,3624.55,,,
2025-09-23,15,2.5,3591.0743999999995,0.0,3799.684,,,
2025-09-23,16,2.6666666666666665,3523.6786,0.0,3729.9252999999994,,,
2025-09-23,17,2.8333333333333335,3402.0299999999997,0.0,3599.3999999999996,,,
2025-09-23,18,3.0,3470.8795999999998,0.0,3766.8381,,,
2025-09-23,19,3.1666666666666665,3546.3118,0.0,3732.5777999999996,,,
2025-09-23,20,3.3333333333333335,3521.0999999999995,33.93999999999983,3487.16,,,
2025-09-23,21,3.5,3493.0414999999994,0.0,3542.3682,,,
2025-09-23,22,3.6666666666666665,3616.52,0.0,3671.4308999999994,,,
2025-09-23,23,3.8333333333333335,3738.77,0.0,3753.85,,,
2025-09-23,24,4.0,3573.1360999999997,0.0,3887.5822,,,
2025-09-23,25,4.166666666666667,3548.8255999999997,0.0,3864.8881,,,
2025-09-23,26,4.333333333333333,3696.4299999999994,0.0,3746.5199999999995,,,
2025-09-23,27,4.5,3629.3778,0.0,3799.8707,,,
2025-09-23,28,4.666666666666667,3602.4948999999997,0.0,3743.4045,,,
2025-09-23,29,4.833333333333333,3708.7399999999993,160.56999999999925,3548.17,,,
2025-09-23,30,5.0,3750.9916,240.49790000000007,3510.4937,,,
2025-09-23,31,5.166666666666667,3689.4488,43.70530000000008,3645.7435,,,
2025-09-23,32,5.333333333333333,3557.6799999999994,0.0,3724.04,,,
2025-09-23,33,5.5,3503.868300000001,0.0,3582.2552999999994,,,
2025-09-23,34,5.666666666666667,4001.4806,43.51059999999984,3957.97,,,
2025-09-23,35,5.833333333333333,4743.74,43.249999999999545,4700.49,,,
2025-09-23,36,6.0,4762.632499999999,202.7815400997772,4602.212549999998,4559.850959900222,,
2025-09-23,37,6.166666666666667,4455.9589,254.97619993536296,4233.4206,4200.982700064636,,
2025-09-23,38,6.333333333333333,4142.812499999999,232.3397568818284,3933.0588499999994,3910.472743118171,,
2025-09-23,39,6.5,3783.504099999999,84.67689494218621,3711.6306999999997,3698.8272050578134,,
2025-09-23,40,6.666666666666667,3509.2929000000004,47.25190071939687,3465.12845,3462.0409992806035,,
2025-09-23,41,6.833333333333333,3277.2749999999996,108.0327595405272,3162.6777,3169.2422404594727,,
2025-09-23,42,7.0,2908.3370000000004,132.10051839401285,2773.040033333332,2776.236481605987,,
2025-09-23,43,7.166666666666667,2551.8500999999997,20.076782341108355,2532.004266666667,2531.773317658891,,
2025-09-23,44,7.333333333333333,2167.9225,0.0,2265.5927,2261.877288937073,,
2025-09-23,45,7.5,1712.8095999999998,0.0,1782.6135333333325,1775.3587511287674,,
2025-09-23,46,7.666666666666667,2146.3813,169.45832151141462,1987.7699666666674,1976.9229784885856,,
2025-09-23,47,7.833333333333333,2947.9474999999998,290.4398330862473,2671.997700000001,2657.5076669137525,,
2025-09-23,48,8.0,2545.3620000000005,0.0,2674.7765666666673,2632.2918369041545,,
2025-09-23,49,8.166666666666666,2041.7978999999996,0.0,2231.3735333333316,2160.8470364105624,,
2025-09-23,50,8.333333333333334,1937.332499999999,273.0514564247387,1762.8945999999996,1664.2810435752604,,
2025-09-23,51,8.5,1602.9885000000008,342.1449306308682,1387.5877666666677,1260.8435693691326,,
2025-09-23,52,8.666666666666666,1062.1019,137.79803987084824,1079.2206333333315,924.3038601291516,,
2025-09-23,53,8.833333333333334,619.7199999999991,0.0,829.5514999999996,646.4218000000003,,
2025-09-23,54,9.0,531.1832000000006,0.0,776.9711833333329,651.9770966167769,,
2025-09-23,55,9.166666666666666,452.3624,0.0,590.3239666666657,523.4281333656513,,
2025-09-23,56,9.333333333333334,278.15750000000025,63.542778440914844,223.44825000000037,214.6147215590854,,
2025-09-23,57,9.5,204.483999999999,309.0386808044259,-153.74886666666634,-104.55468080442688,,
2025-09-23,58,9.666666666666666,83.87059999999929,251.83856702636467,-275.15658333333295,-167.9679670263654,,
2025-09-23,59,9.833333333333334,-31.802499999998872,17.351479770265996,-214.30499999999984,-49.15397977026487,,
2025-09-23,60,10.0,20.333799999999883,162.4642091970063,-195.48763333333318,-142.13040919700643,,
2025-09-23,61,10.166666666666666,-275.48140000000103,62.70739117055382,-279.72256666666726,-338.18879117055485,,
2025-09-23,62,10.333333333333334,-803.5899999999997,0.0,-365.283899999999,-535.6021055314641,,
2025-09-23,63,10.5,-880.7342999999992,0.0,-423.4690333333324,-705.6666744356157,,
2025-09-23,64,10.666666666666666,-766.8783999999996,134.7964607557078,-507.571366666667,-901.6748607557074,,
2025-09-23,65,10.833333333333334,-889.1149999999993,216.97256654312469,-600.0528000000004,-1106.087566543124,,
2025-09-23,66,11.0,-1427.6502999999989,0.0,-850.1758833333329,-1284.339681547924,,
2025-09-23,67,11.166666666666666,-1898.9910999999993,0.0,-1079.6641666666683,-1441.9805317947194,,
2025-09-23,68,11.333333333333334,-1968.217499999998,0.0,-1359.5808500000007,-1650.0724282123715,,
2025-09-23,69,11.5,-1775.6432999999988,180.17911531543632,-1737.1338333333342,-1955.8224153154351,,
2025-09-23,70,11.666666666666666,-2063.8587000000007,283.05076993542207,-2200.002916666668,-2346.9094699354227,,
2025-09-23,71,11.833333333333334,-2719.872500000001,62.78109999999879,-2707.5089000000007,-2782.6535999999996,,
2025-09-23,72,12.0,-2874.8321999999985,0.0,-2729.007850000002,-2815.7754766916105,-2684.022319798738,
2025-09-23,73,12.166666666666666,-2651.4241999999995,0.0,-2481.864399999999,-2580.2736333171742,-2523.226392749711,
2025-09-23,74,12.333333333333334,-2526.057499999998,0.0,-2114.17415,-2224.242964220457,-2241.879242504189,
2025-09-23,75,12.5,-2762.775099999999,0.0,-2001.0566000000003,-2122.802290402212,-2215.1005361535663,
2025-09-23,76,12.666666666666666,-2455.0727999999995,0.0,-1833.525349999999,-1966.9645585131839,-2133.9040344771633,
2025-09-23,77,12.833333333333334,-1726.6075,196.32139218067277,-1536.2194,-1681.3681398851322,-1922.9288921806728,
2025-09-23,78,13.0,-1631.4655000000002,126.57357479226857,-1372.4078333333332,-1518.7978129318353,-1758.0390747922688,
2025-09-23,79,13.166666666666666,-1673.6737000000005,98.37720888337753,-1387.5015666666663,-1535.1476122519448,-1772.050908883378,
2025-09-23,80,13.333333333333334,-1491.6575000000003,212.40863228110265,-1320.6022000000007,-1469.5185777657323,-1704.066132281103,
2025-09-23,81,13.5,-1232.6171000000008,35.676477605966284,-885.9184333333328,-1036.11887055114,-1268.2935776059671,
2025-09-23,82,13.666666666666666,-936.3271000000009,35.21227246860599,-590.2562666666654,-741.7539720445188,-971.5393724686069,
2025-09-23,83,13.833333333333334,-685.4324999999999,307.0204396590125,-612.2650000000008,-765.0726832715623,-992.4529396590124,
2025-09-23,84,14.0,-539.3562999999997,237.69069732863773,-385.1116333333348,-555.3864074406292,-777.0469973286374,
2025-09-23,85,14.166666666666666,-180.63880000000177,162.76945916562954,60.271633333334876,-127.48199923069137,-343.4082591656313,
2025-09-23,86,14.333333333333334,382.55000000000064,155.05453456344253,642.9170999999997,437.6732858938144,227.4954654365581,
2025-09-23,87,14.5,823.7127999999996,148.93042878304618,1101.9430666666651,879.198175675615,674.7823712169534,
2025-09-23,88,14.666666666666666,1215.486699999999,168.71854310907042,1485.6653333333347,1245.4088816989552,1046.7681568909286,
2025-09-23,89,14.833333333333334,1501.0424999999996,105.32447499999898,1846.3491999999994,1588.5710999999985,1395.7180250000006,
2025-09-23,90,15.0,1535.3030999999992,0.0,1998.3712833333323,1763.6843616541928,1559.4743317672976,
2025-09-23,91,15.166666666666666,1726.705199999999,0.0,2413.2655666666674,2201.660483341413,1986.1051369584789,
2025-09-23,92,15.333333333333334,1965.2125000000003,0.0,2894.2651499999993,2705.7329178897708,2478.8434537479043,
2025-09-23,93,15.5,1813.8436000000002,0.0,2939.976233333332,2774.5082047988917,2536.295398589882,
2025-09-23,94,15.666666666666666,2117.6951,0.0,2834.0966166666667,2691.68447074341,2442.1586910947517,
2025-09-23,95,15.833333333333334,2961.495,372.3569460903359,2969.3311,2849.966830057434,2589.138053909664,
2025-09-23,96,16.0,3536.5959,286.47308739613436,3592.3757666666675,3473.9186018674122,3250.1228126038654,
2025-09-23,97,16.166666666666668,3814.881900000001,132.54920444169056,3986.6437333333306,3869.0862605406955,3682.3326955583107,
2025-09-23,98,16.333333333333332,4009.4124999999995,188.96406614055104,4086.815799999999,3970.1508861171333,3820.4484338594484,
2025-09-23,99,16.5,4298.0851999999995,132.88293880298397,4393.624266666668,4277.845048057759,4165.202261197015,
2025-09-23,100,16.666666666666668,4588.936099999999,0.0,4884.819733333332,4769.919605644408,4694.344713765696,
2025-09-23,101,16.833333333333332,4884.322499999998,0.0,5311.6805,5197.6531083642185,5159.154030170492,
2025-09-23,102,17.0,5262.5219,18.767665330986347,5370.728850000001,5275.174596279685,5243.754234669013,
2025-09-23,103,17.166666666666668,5480.019700000001,74.96771291615096,5506.473299999999,5429.3863003846545,5405.051987083849,
2025-09-23,104,17.333333333333332,5738.302499999999,0.0,5898.98525,5840.3598429469075,5823.118632718279,
2025-09-23,105,17.5,6311.1759999999995,88.2520810581891,6273.234500000001,6233.065237837807,6222.923918941811,
2025-09-23,106,17.666666666666668,5754.9919,1.864004887870351,5777.881149999997,5756.1627908494775,5753.127895112129,
2025-09-23,107,17.833333333333332,4515.87,0.0,4835.08,4831.807499999999,4835.8853125,
2025-09-23,108,18.0,4585.979099999999,16.610299646030853,4585.0492,4581.900322493764,4585.824090883649,4569.368800353973
2025-09-23,109,18.166666666666668,4981.363600000001,296.3556543114353,4700.096,4697.066075004039,4700.841618479239,4685.007945688565
2025-09-23,110,18.333333333333332,5006.5,214.47808551081562,4806.539999999999,4803.624533944885,4807.257451873952,4792.021914489184
2025-09-23,111,18.5,5016.9579,1.7404479445742709,5029.1871,5026.3817690661135,5029.8774492949415,5015.217452055426
2025-09-23,112,18.666666666666668,4862.188199999999,0.0,4889.8514,4887.152043705038,4890.515670547375,4876.4094717547105
2025-09-23,113,18.833333333333332,4664.56,74.69414377143767,4602.8,4600.2026150287165,4603.439176954832,4589.865856228563
2025-09-23,114,19.0,4794.5933,0.0,4878.9151,4876.415834267041,4879.530131301933,4866.469558553307
2025-09-23,115,19.166666666666668,4953.5752,0.0,5049.4295999999995,5047.024746937014,5050.021397779155,5037.454203356938
2025-09-23,116,19.333333333333332,4906.9,16.23301210621662,4902.189999999999,4899.875993058567,4902.759441929724,4890.666987893783
2025-09-23,117,19.5,4721.0181,0.0,4891.8419,4889.6153073622145,4892.3898305985085,4880.754183078579
2025-09-23,118,19.666666666666668,4705.313399999999,0.0,4903.2757,4901.13321948887,4903.8029318828485,4892.606834481474
2025-09-23,119,19.833333333333332,4871.469999999999,63.05583671454315,4818.68,4816.618454182109,4819.187315085246,4808.414163285457
2025-09-23,120,20.0,4963.0687,276.24473279239623,4696.702,4694.7183314731765,4697.1901506678405,4686.823967207603
2025-09-23,121,20.166666666666668,5061.4062,370.866578614467,4700.0445,4698.1357668589935,4700.514210208591,4690.539621385533
2025-09-23,122,20.333333333333332,5038.25,195.17582076962435,4852.22,4850.383371473454,4852.671966359139,4843.074179230375
2025-09-23,123,20.5,4709.3717,0.0,4995.945,4994.177752252237,4996.379892804238,4987.144673247505
2025-09-23,124,20.666666666666668,4809.9708,0.0,4921.7777,4920.077212091405,4922.196164222731,4913.309815826291
2025-09-23,125,20.833333333333332,5215.3,433.50800000000095,4789.94,4788.30375,4790.342656249999,4781.7919999999995
2025-09-23,126,21.0,5055.1463,141.72929982301457,4921.2572,4919.682761246882,4921.644645441824,4913.417000176985
2025-09-23,127,21.166666666666668,4827.5711,39.95452715571696,4795.1606,4793.64563750202,4795.53340923962,4787.616572844283
2025-09-23,128,21.333333333333332,4880.29,305.2490427554071,4582.3,4580.842266972443,4582.658725936976,4575.040957244593
2025-09-23,129,21.5,4979.2148,78.11382397228658,4908.0858,4906.683134533057,4908.43097464747,4901.100976027713
2025-09-23,130,21.666666666666668,4609.119,0.0,4661.9285,4660.578821852519,4662.2606352736875,4655.207535877355
2025-09-23,131,21.833333333333332,3835.46,6.297071885719106,3835.63,3834.3313075143583,3835.949588477416,3829.1629281142814
2025-09-23,132,22.0,3320.6494,0.0,3598.3752999999997,3597.12566713352,3598.6828156509655,3592.152529276653
2025-09-23,133,22.166666666666668,3496.0714,0.0,3658.3589,3657.156473468507,3658.654798889578,3652.3712016784693
2025-09-23,134,22.333333333333332,3883.2400000000002,209.51150605310931,3679.4899999999993,3678.3329965292824,3679.7747209648614,3673.728493946891
2025-09-23,135,22.5,3580.1991,0.0,3675.7073,3674.5940036811076,3675.9812652992537,3670.16344153929
2025-09-23,136,22.666666666666668,3332.1137000000003,0.0,3704.1898,3703.118559744435,3704.4534159414234,3698.855367240737
2025-09-23,137,22.833333333333332,3416.0999999999995,0.0,3714.13,3713.0992270910547,3714.3836575426235,3708.9970816427276
2025-09-23,138,23.0,3387.9352,0.0,3626.4468999999995,3625.4550657365876,3626.6909753339196,3621.507883603801
2025-09-23,139,23.166666666666668,3459.0093999999995,0.0,3690.0841,3689.129733429497,3690.3189551042956,3685.3316606927665
2025-09-23,140,23.333333333333332,3661.9500000000003,0.0,3800.23,3799.311685736727,3800.4559831795696,3795.6570896151875
2025-09-23,141,23.5,3702.4037999999996,73.8378633762477,3632.9660999999996,3632.0824761261183,3633.1835464021187,3628.5659366237523
2025-09-23,142,23.666666666666668,3409.7885,0.0,3700.6194,3699.769156045703,3700.8286321113665,3696.3854579131466
2025-09-23,143,23.833333333333332,3147.61,0.0,3923.31,3922.4918749999997,3923.5113281249996,3919.236
2025-12-21,0,0.0,3576.106299999999,19.95889999999963,3556.1473999999994,,,
2025-12-21,1,0.16666666666666666,3537.871,170.40760000000046,3367.4633999999996,,,
2025-12-21,2,0.3333333333333333,3472.0999999999995,42.809999999999945,3429.29,,,
2025-12-21,3,0.5,3388.2601999999997,0.0,3676.387,,,
2025-12-21,4,0.6666666666666666,3299.4232999999995,0.0,3757.6546,,,
2025-12-21,5,0.8333333333333334,3349.26,0.0,3650.7699999999995,,,
2025-12-21,6,1.0,3662.0911,25.912600000000566,3636.1784999999995,,,
2025-12-21,7,1.1666666666666667,3799.4157,168.95010000000025,3630.4655999999995,,,
2025-12-21,8,1.3333333333333333,3736.1799999999994,143.1499999999994,3593.03,,,
2025-12-21,9,1.5,3824.9356,222.7070000000001,3602.2285999999995,,,
2025-12-21,10,1.6666666666666667,3734.2079999999996,75.70569999999998,3658.5022999999997,,,
2025-12-21,11,1.8333333333333333,3587.15,0.0,3712.62,,,
2025-12-21,12,2.0,3856.4773999999998,130.65960000000018,3725.8178,,,
2025-12-21,13,2.1666666666666665,3923.2146999999995,114.3717999999999,3808.8428999999996,,,
2025-12-21,14,2.3333333333333335,3730.5,0.0,3949.55,,,
2025-12-21,15,2.5,3819.8599999999997,0.0,4008.5847999999996,,,
2025-12-21,16,2.6666666666666665,3791.4644,0.0,3980.4251,,,
2025-12-21,17,2.8333333333333335,3751.7299999999996,0.0,3902.2799999999997,,,
2025-12-21,18,3.0,4180.5461,339.5441999999998,3841.0018999999998,,,
2025-12-21,19,3.1666666666666665,4115.3327,177.13889999999992,3938.1938,,,
2025-12-21,20,3.3333333333333335,3748.74,0.0,4040.34,,,
2025-12-21,21,3.5,4220.4858,361.15810000000033,3859.3277,,,
2025-12-21,22,3.6666666666666665,4423.9257,622.4946999999997,3801.4309999999996,,,
2025-12-21,23,3.8333333333333335,4079.15,132.46000000000026,3946.6899999999996,,,
2025-12-21,24,4.0,4038.9424,54.899799999999686,3984.0426,,,
2025-12-21,25,4.166666666666667,4082.3954,38.486900000000105,4043.9084999999995,,,
2025-12-21,26,4.333333333333333,4064.8699999999994,0.0,4208.34,,,
2025-12-21,27,4.5,4121.8784,0.0,4361.7707,,,
2025-12-21,28,4.666666666666667,4083.6154,0.0,4272.1393,,,
2025-12-21,29,4.833333333333333,4032.3099999999995,0.0,4064.6799999999994,,,
2025-12-21,30,5.0,4217.939899999999,122.60159999999973,4095.3383,,,
2025-12-21,31,5.166666666666667,4253.2484,135.20690000000013,4118.041499999999,,,
2025-12-21,32,5.333333333333333,4066.58,25.420000000000073,4041.16,,,
2025-12-21,33,5.5,4077.7465000000007,0.0,4101.2526,,,
2025-12-21,34,5.666666666666667,4717.714599999999,131.63929999999937,4586.0753,,,
2025-12-21,35,5.833333333333333,5490.65,263.3799999999992,5227.27,,,
2025-12-21,36,6.0,5438.877399999999,0.0,5402.0967,5441.209607522799,,
2025-12-21,37,6.166666666666667,5407.8325,44.64932805132548,5325.5478,5363.1831719486745,,
2025-12-21,38,6.333333333333333,5587.049999999999,277.4263480006082,5273.41,5309.623651999392,,
2025-12-21,39,6.5,5345.15,0.0,5332.3027999999995,5367.148439174804,,
2025-12-21,40,6.666666666666667,5233.249,0.0,5448.9625,5482.491804625809,,
2025-12-21,41,6.833333333333333,5374.2,0.0,5477.09,5509.352696145439,,
2025-12-21,42,7.0,5188.101199999999,106.72724805971961,5049.347333333333,5081.37395194028,,
2025-12-21,43,7.166666666666667,4901.273999999999,158.24775215539626,4711.189666666667,4743.026247844603,,
2025-12-21,44,7.333333333333333,4541.045,32.4003553602779,4476.953799999999,4508.644644639722,,
2025-12-21,45,7.5,4069.146999999999,0.0,4205.1226333333325,4236.710368807961,,
2025-12-21,46,7.666666666666667,4612.4121000000005,32.2807899492816,4548.605666666666,4580.131310050719,,
2025-12-21,47,7.833333333333333,5640.927499999999,339.80688109970015,5269.6176,5301.120618900299,,
2025-12-21,48,8.0,5394.1969,47.723962244715494,5344.856716666668,5346.472937755285,,
2025-12-21,49,8.166666666666666,4941.274899999999,0.0,5046.050733333332,5017.816698669379,,
2025-12-21,50,8.333333333333334,4787.384999999999,105.8778787762003,4739.556249999999,4681.507121223799,,
2025-12-21,51,8.5,4379.9538999999995,0.0,4519.747166666668,4431.916777146689,,
2025-12-21,52,8.666666666666666,4080.4568,0.0,4287.836583333332,4170.257488343197,,
2025-12-21,53,8.833333333333334,3914.062499999999,76.46407500000032,3984.8948999999993,3837.598424999999,,
2025-12-21,54,9.0,3504.0219000000006,0.0,3710.270266666667,3519.3197370947323,,
2025-12-21,55,9.166666666666666,3166.1121999999996,0.0,3531.4557333333323,3296.880152641004,,
2025-12-21,56,9.333333333333334,3033.989999999999,0.0,3376.4351,3098.262375999695,,
2025-12-21,57,9.5,2888.7531999999997,162.6724470792642,3047.823766666668,2726.0807529207354,,
2025-12-21,58,9.666666666666666,2559.6026999999995,245.5858310204285,2679.3043333333326,2314.016868979571,,
2025-12-21,59,9.833333333333334,2161.8424999999997,146.10425192728007,2424.545300000001,2015.7382480727194,,
2025-12-21,60,10.0,1987.1617,0.0,2453.299100000001,2097.024234303474,,
2025-12-21,61,10.166666666666666,1956.5605999999993,0.0,2441.6559999999995,2137.9363405889685,,
2025-12-21,62,10.333333333333334,1990.7075000000013,0.0,2241.9489999999996,1990.806697319861,,
2025-12-21,63,10.5,2094.477,374.44473226268565,1918.5759,1720.032267737314,,
2025-12-21,64,10.666666666666666,2226.3645000000015,398.9542533079748,1973.334699999999,1827.4102466920265,,
2025-12-21,65,10.833333333333334,2287.4075000000003,217.230340549851,2163.4627,2070.1771594501492,,
2025-12-21,66,11.0,2172.5858,646.1354061223606,1738.0962833333326,1526.45039387764,,
2025-12-21,67,11.166666666666666,1933.5069000000003,940.8426006653121,1322.652266666665,992.6642993346882,,
2025-12-21,68,11.333333333333334,1697.8225000000007,848.5851143881014,1297.5498499999997,849.2373856118993,,
2025-12-21,69,11.5,1512.0524,667.0171114266564,1411.6553333333338,845.0352885733437,,
2025-12-21,70,11.666666666666666,988.2444999999998,396.82573082840236,1276.3301166666654,591.4187691715974,,
2025-12-21,71,11.833333333333334,440.09999999999945,355.5899874999991,887.6970000000003,84.51001250000036,,
2025-12-21,72,12.0,596.9681999999991,63.93737192535718,670.3040833333339,7.4810768807001295,533.0308280746419,
2025-12-21,73,12.166666666666666,652.1699000000006,0.0,688.3451666666663,165.90064298716652,664.9414304091677,
2025-12-21,74,12.333333333333334,408.6100000000015,0.0,698.53285,316.4807629998477,789.0481143923539,
2025-12-21,75,12.5,511.9905999999994,0.0,404.2390333333328,162.59280979370055,608.7209107973661,
2025-12-21,76,12.666666666666666,962.8926000000004,132.24077899040822,512.1575166666664,410.93007615645183,830.6518210095921,
2025-12-21,77,12.833333333333334,1446.0024999999991,41.392985640820825,972.0586999999991,1011.2624740363588,1404.6095143591783,
2025-12-21,78,13.0,1585.874899999999,38.612674445660105,1151.466683333333,1164.8090171517372,1547.2622255543388,
2025-12-21,79,13.166666666666666,1352.3169999999986,0.0,1177.4959666666668,1164.9883702944837,1536.5770522116186,
2025-12-21,80,13.333333333333334,1062.1300000000006,0.0,1272.1296499999994,1233.7831986599297,1594.5355524794631,
2025-12-21,81,13.5,1155.058200000001,0.0,1339.374533333332,1275.199883868657,1625.1430427515581,
2025-12-21,82,13.666666666666666,1521.744699999999,0.0,1378.919016666667,1288.9264233460128,1628.086495466535,
2025-12-21,83,13.833333333333334,1811.2975000000008,141.17546300918002,1457.5205999999996,1341.7199297250747,1670.1220369908208,
2025-12-21,84,14.0,1769.3795000000005,0.0,1782.8824833333329,1747.3548802721534,2045.6048289147848,
2025-12-21,85,14.166666666666666,1906.2944999999997,0.0,2207.6191666666673,2252.373766334012,2520.4948160924996,
2025-12-21,86,14.333333333333334,2305.1824999999994,0.0,2524.8649499999988,2649.9105428059497,2887.9250747555784,
2025-12-21,87,14.5,2582.305999999999,0.0,2546.0093333333325,2751.354377620004,2959.283927364907,
2025-12-21,88,14.666666666666666,2946.1965000000005,0.0,2763.3170166666673,3048.969651252466,3226.834940864276,
2025-12-21,89,14.833333333333334,3351.242499999999,0.0,3214.2693,3580.23735625,3728.058325000001,
2025-12-21,90,15.0,3518.721499999999,0.0,3498.6928833333322,3816.6995634403493,3946.01351403732,
2025-12-21,91,15.166666666666666,3844.8365000000003,0.0,3651.323666666667,3921.376221493584,4032.201615204584,
2025-12-21,92,15.333333333333334,4246.127499999999,0.0,3933.71785,4155.823256499924,4248.177857196178,
2025-12-21,93,15.5,4252.167399999999,0.0,4474.588733333332,4648.75370489685,4722.654605398683,
2025-12-21,94,15.666666666666666,4421.070899999999,0.0,4775.463016666667,4901.694013078226,4957.157660504795,
2025-12-21,95,15.833333333333334,4775.5825,0.0,4776.8264,4855.129637018179,4892.171857179589,
2025-12-21,96,16.0,4808.2912,0.0,4839.671566666668,4905.444058575867,4937.636012777169,
2025-12-21,97,16.166666666666668,5055.8589,0.0,5067.162833333332,5120.410335147242,5147.766676105809,
2025-12-21,98,16.333333333333332,5550.655,42.12892376026775,5445.263199999999,5485.991249329964,5508.526076239732,
2025-12-21,99,16.5,5758.756799999999,0.0,5925.234266666668,5953.448191934327,5971.175071375778,
2025-12-21,100,16.666666666666668,5957.1851,0.0,6091.370033333332,6107.074961673006,6120.006947733267,
2025-12-21,101,16.833333333333332,6172.78,71.89948150458918,6089.53,6092.730864862538,6100.880518495411,
2025-12-21,102,17.0,6112.1741999999995,0.0,6226.783799999999,6229.86374846941,6237.705539457393,
2025-12-21,103,17.166666666666668,6154.5018,0.0,6316.6849999999995,6319.648599833672,6327.19415804625,
2025-12-21,104,17.333333333333332,6338.7699999999995,43.08783762221037,6285.569999999999,6288.421646402974,6295.682162377789,
2025-12-21,105,17.5,6290.094799999999,0.0,6346.6991,6349.443022143336,6356.429263682452,
2025-12-21,106,17.666666666666668,5392.4606,0.0,5515.746999999999,5518.387267292899,5525.109595432138,
2025-12-21,107,17.833333333333332,4275.8,0.0,4303.33,4305.8705281249995,4312.338912499999,
2025-12-21,108,18.0,4292.4866999999995,33.536995196404405,4324.9496,4327.394156720175,4333.618190351994,4258.949704803593
2025-12-21,109,18.166666666666668,4489.6076,85.03537239049842,4468.0789,4470.431110746793,4476.420024268959,4404.572227609502
2025-12-21,110,18.333333333333332,4380.05,239.11763397596474,4202.039999999999,4204.303353249961,4210.066028598088,4140.932366024035
2025-12-21,111,18.5,4406.0663,339.875722027876,4124.989799999999,4127.167652448425,4132.712636032675,4066.1905779721237
2025-12-21,112,18.666666666666668,4500.4992999999995,339.5017130260526,4217.5756,4219.671181539113,4225.006696919065,4160.997586973946
2025-12-21,113,18.833333333333332,4490.76,213.55071277777665,4331.65,4333.666418509089,4338.8003785897945,4277.209287222224
2025-12-21,114,19.0,4334.8994,0.0,4392.2898,4394.2300459546,4399.170064721918,4339.905648467716
2025-12-21,115,19.166666666666668,4356.9931,0.0,4452.6765,4454.543450906954,4459.296854719571,4402.271220720161
2025-12-21,116,19.333333333333332,4466.59,54.941161228367264,4460.15,4461.946424664982,4466.520263119866,4411.648838771633
2025-12-21,117,19.5,4301.5722,28.893073450980637,4319.3481,4321.076662633831,4325.477719021223,4272.679126549019
2025-12-21,118,19.666666666666668,4398.717,142.8688986979132,4300.7541,4302.417364169836,4306.6521655333,4255.848101302086
2025-12-21,119,19.833333333333332,4681.609999999999,254.38962236666885,4470.43,4472.030432431269,4476.105259247706,4427.22037763333
2025-12-21,120,20.0,4485.5154,0.0,4598.7249,4600.264874234705,4604.185769728696,4557.147571375595
2025-12-21,121,20.166666666666668,4156.902599999999,0.0,4477.4264,4478.908199916837,4482.6809790231255,4437.419703323217
2025-12-21,122,20.333333333333332,4090.51,0.0,4241.74,4243.165823201487,4246.796081188895,4203.244602822206
2025-12-21,123,20.5,4322.2266,118.37058877518143,4240.897199999999,4242.269161071668,4245.7622818412265,4203.856011224818
2025-12-21,124,20.666666666666668,4336.8009999999995,27.179814786375346,4345.2631,4346.58323364645,4349.944397716069,4309.621185213625
2025-12-21,125,20.833333333333332,4144.46,0.0,4397.1,4398.370264062501,4401.60445625,4362.8045
2025-12-21,126,21.0,4227.261,0.0,4366.5969,4367.819178360087,4370.931195175996,4333.596952401796
2025-12-21,127,21.166666666666668,4326.9643,6.473236195249228,4352.2444,4353.420505373395,4356.414962134479,4320.4910638047495
2025-12-21,128,21.333333333333332,4357.83,0.0,4432.75,4433.881676624981,4436.763014299044,4402.196183012018
2025-12-21,129,21.5,4437.1142,0.0,4519.7625,4520.851426224212,4523.623918016337,4490.362888986062
2025-12-21,130,21.666666666666668,4070.9953999999993,0.9033065130263367,4098.3811,4099.428890769556,4102.096648459532,4070.0920934869728
2025-12-21,131,21.833333333333332,3434.399999999999,39.450356388887485,3422.17,3423.178209254545,3425.7451892948975,3394.949643611112
2025-12-21,132,22.0,3270.5539,0.0,3317.5116999999996,3318.4818229773,3320.951832360959,3291.3196242338577
2025-12-21,133,22.166666666666668,3305.0167999999994,0.0,3418.9331,3419.866575453477,3422.2432773597857,3393.730460360081
2025-12-21,134,22.333333333333332,3255.5999999999995,0.0,3395.7699999999995,3396.668212332491,3398.9551315599324,3371.519419385816
2025-12-21,135,22.5,3155.5140000000006,0.0,3290.1474,3291.011681316915,3293.2122095106115,3266.8129132745094
2025-12-21,136,22.666666666666668,3260.3635,23.047499348957444,3259.7689999999993,3260.6006320849183,3262.7180327666492,3237.3160006510425
2025-12-21,137,22.833333333333332,3508.969999999999,180.62481118333426,3349.95,3350.750216215634,3352.787629623852,3328.3451888166646
2025-12-21,138,23.0,3554.7154,106.60616431220205,3468.8979,3469.667887117352,3471.628334864348,3448.1092356877975
2025-12-21,139,23.166666666666668,3395.6628,0.0,3527.78,3528.5208999584183,3530.4072895115632,3507.776651661609
2025-12-21,140,23.333333333333332,3305.5899999999997,0.0,3469.79,3470.5029116007436,3472.3180405944468,3450.542301411102
2025-12-21,141,23.5,3539.7612999999997,215.66779438759113,3342.6140999999993,3343.3000805358333,3345.046640920613,3324.0935056124085
2025-12-21,142,23.666666666666668,3571.991,122.32215739318781,3467.4897999999994,3468.149866823225,3469.8304488580343,3449.668842606812
2025-12-21,143,23.833333333333332,3464.3999999999996,0.0,3657.7799999999997,3658.4151320312503,3660.032228125,3640.6322499999997
