date,planned_cost_yuan,adjustment_cost_yuan,emergency_cost_yuan,total_cost_yuan,emergency_energy_kwh,grid_energy_kwh,minimum_soc_kwh,solve_seconds
2025-01-01,49315.4596635349,20716.740031254725,21174.099247917817,91206.29894270745,6207.932793217186,97457.87114143968,1199.9999999999993,0.23859570012427866
2025-01-02,57219.81696920179,7760.487534278353,10800.646650851151,75780.9511543313,3363.320556939004,95983.51025559379,1199.9999999999993,0.2627500999951735
2025-01-03,61772.83072327142,-9685.43501303411,12445.829089578789,64533.2247998161,2103.0649411364743,73415.57329487569,1200.0000000000036,0.3487794999964535
2025-01-04,36238.811908488875,-3378.027117281502,6890.743158776312,39751.52794998368,1763.1382855431575,54317.80313017263,1200.0000000000002,0.34067470009904355
2025-01-05,30734.034743660817,40792.27328459922,53572.67863403193,125098.98666229198,14642.462406944442,89262.53161666666,1200.0000000000002,0.23766250011976808
2025-01-06,55242.211522686106,9279.567888760712,11453.080159902478,75974.8595713493,3418.0500153154408,94519.56848577311,1200.0,0.38311039994005114
2025-01-07,56453.133708838315,10000.052417223356,7742.09069991945,74195.27682598113,2184.8571291666685,98092.9920875,1199.9999999999998,0.1509477999061346
2025-01-08,65343.59505575138,-2047.3019843790967,6154.127672623403,69450.42074399568,1686.0880182900896,94801.88629845675,1200.0000000000007,0.21508849994279444
2025-01-09,60312.77086396028,1714.2117846819792,8374.552140256652,70401.53478889892,2447.6613460281933,95236.73090440007,1200.000000000001,0.3239478998584673
2025-01-10,55683.38154552148,-12321.176161740634,19050.352346661733,62412.55773044258,4492.091490210734,58103.59448325942,1200.0,0.48531400004867464
2025-01-11,25500.979116155064,540.1149834838501,7811.877726893903,33852.97182653282,2062.1896311769883,47929.13380991943,1200.0,0.3558015999151394
2025-01-12,53045.859077475136,9916.805968635193,15666.915583834489,78629.58062994482,4071.5367160082574,93547.57918466828,1200.0000000000005,0.2580726001178846
2025-01-13,61985.92258262777,-716.8322562287469,6375.42050603767,67644.51083243669,1668.8630067584381,94705.71618929313,1200.0000000000018,0.18708560010418296
2025-01-14,60701.9814124133,534.2624046483008,6559.625627545384,67795.86944460699,1871.8516684053393,94504.66551196738,1200.000000000001,0.21372510003857315
2025-01-15,57864.33986160497,4716.493658752343,8085.543150573725,70666.37667093103,1970.0279175667154,94908.89492758818,1200.0000000000016,0.3690175999654457
2025-01-16,57894.460598097896,3061.611581862383,8929.947023020473,69886.01920298075,2276.906959919492,92853.46965067848,1199.999999999999,0.36021480010822415
2025-01-17,24856.465944505,-204.18886345308877,6843.6076587872885,31495.8847398392,1888.4921779412048,46886.052554560316,1200.0000000000027,0.3773467999417335
2025-01-18,26554.03722212024,-440.4048966720573,6341.949123284187,32455.58144873237,1708.4739077522154,48115.274315598755,1200.0000000000018,0.32494630001019686
2025-01-19,57143.580705513144,4402.1651142547125,7338.568116052229,68884.31393582009,1742.9541914731278,93950.26758565806,1200.0,0.20977520011365414
2025-01-20,57976.24086871244,1719.909375247858,7818.359696241563,67514.50994020187,2201.9837498398456,92210.0565129204,1200.0000000000005,0.25780449982266873
2025-01-21,58008.64813111807,376.6701114666113,4378.388346524892,62763.70658910958,1170.697797898882,90351.21411757777,1200.0000000000005,0.38807720004115254
2025-01-22,60363.711765891596,99.00174604186638,5870.560682170531,66333.274194104,1556.175560022063,94398.00811723499,1200.0000000000002,0.2221589998807758
2025-01-23,57983.95470083861,3482.2497868176715,6821.334508044236,68287.53899570051,2054.1510211887626,94136.51102588311,1200.0000000000011,0.29543779988307506
2025-01-24,21892.69721869508,1893.5444090894853,5915.637826274089,29701.879454058653,1665.3503862381635,44481.099025566196,1200.0,0.3707027999917045
2025-01-25,21818.513138055,2454.024000398175,4855.796595515332,29128.33373396851,1213.5198801313866,44401.628106007855,1200.0000000000007,0.33416389988269657
2025-01-26,61907.690779954835,-548.924585350798,5406.575618011309,66765.34181261534,1555.5068523439104,93690.35011469478,1200.0000000000005,0.200378300040029
2025-01-27,54793.80614204063,2867.055567423342,7059.762108756611,64720.623818220585,1886.571964248942,88828.21160498812,1200.0000000000007,0.20709690020885319
2025-01-28,57982.17358882749,840.3435582941893,7552.059903676194,66374.57705079787,1978.830545793274,91513.69945732261,1200.0000000000005,0.2811247000936419
2025-01-29,53351.39837560568,3499.0510426615065,6401.342094110388,63251.791512377575,1576.048209913834,87164.42122166818,1200.0000000000007,0.33796649996656924
2025-01-30,53989.912799488244,4278.91085174695,6098.722632616291,64367.54628385149,1373.2456127402997,89714.18814270812,1199.9999999999993,0.27874639991205186
2025-01-31,20878.21609547528,2273.0352934518273,7275.76848373963,30427.019872666737,1776.03015159711,43631.89811659509,1200.0,0.34768509992863983
2025-02-01,22280.616021294616,-116.3787837840111,5635.5462691401135,27799.783506650718,1255.0123222307575,41461.32415552441,1200.0000000000011,0.40467690012883395
2025-02-02,56044.57009231663,-1660.7679055648032,4686.1413192409245,59069.94350599275,1104.1171810410144,84928.22491292338,1200.0,0.2816270000766963
2025-02-03,57155.830856378845,-1981.620242064039,8653.313463503007,63827.52407781781,1981.225462315585,85027.07685973472,1200.0000000000014,0.3845263000112027
2025-02-04,59670.08443506087,-2712.519305362104,8346.785314947623,65304.350444646385,1990.3026370118846,87231.69639956532,1200.0000000000011,0.19020360021386296
2025-02-05,55174.015430272615,113.92221718472183,7745.90449854573,63033.842146003066,1644.119204986966,86590.02032783107,1200.0000000000005,0.33175050001591444
2025-02-06,59848.94621076527,-2981.637900859499,7646.689090563241,64513.997400469016,1844.730755923263,85709.57289643916,1200.0,0.21292190009262413
2025-02-07,22651.94556971234,-1490.0334652093052,7341.107541568443,28503.01964607148,1540.7079564232158,38946.65330707774,1200.0,0.44056309992447495
2025-02-08,17878.264090168734,1119.6430662158418,7194.313184674547,26192.220341059125,1767.9386611246027,35495.765890882336,1200.0,0.43093650008086115
2025-02-09,54141.508858469104,995.0396423911059,4549.672754871165,59686.221255731376,1135.4179745776528,86365.57616778757,1199.9999999999995,0.41469789994880557
2025-02-10,51503.92569607617,-21.407954412617617,6885.427070229246,58367.944811892805,1927.55864354081,78582.4069179226,1200.0000000000011,0.3569744999986142
2025-02-11,51663.869517065774,-1607.0727244593045,9566.44335271719,59623.24014532365,2177.142011265859,78584.83052502843,1199.9999999999998,0.29160110000520945
2025-02-12,51811.36986101345,-1727.1000694534293,10971.995889679773,61056.26568123979,2581.009379591288,78225.74879117841,1200.000000000001,0.2545407001161948
2025-02-13,48000.365206492555,217.3886438200592,8253.100584065985,56470.8544343786,1911.9362340832681,76070.93411028215,1200.0,0.2622554999543354
2025-02-14,17636.490575205476,697.7257373985578,6161.95095185778,24496.167264461816,1605.1584012433188,34680.02584346746,1199.9999999999998,0.5628290001768619
2025-02-15,17770.26885278579,788.1442202392889,8706.269474211771,27264.68254723685,2349.989868962245,34507.57054193363,1200.0,0.6455327001167461
2025-02-16,53115.73618284781,-2101.156792688133,12605.641420504602,63620.22081066428,3177.9282253403253,79589.66058191322,1199.999999999998,0.41961959993932396
2025-02-17,51563.1814413686,-2673.2817409858517,9631.870805340179,58521.770505722925,2376.2826311704503,74926.87703647313,1200.0,0.23898139991797507
2025-02-18,46135.152170099755,2340.9583125676054,7160.856127745516,55636.96661041288,1801.086879785926,77350.86302881641,1200.0000000000002,0.2907989998348057
2025-02-19,46297.44311828232,1161.3514110002025,9281.132343503949,56739.92687278647,2571.5175144916293,76030.12848018322,1200.000000000001,0.35688249999657273
2025-02-20,47671.35117711917,-97.98950195781538,8971.562328671565,56544.924003832915,2181.3260974617556,74952.94587157917,1200.0000000000014,0.36071450007148087
2025-02-21,16607.97502686178,410.96754773488567,5344.116436526156,22363.059011122823,1485.7474064930188,32722.540702045542,1200.0,0.29691759985871613
2025-02-22,17296.08295727474,237.48420354707912,7266.057875018785,24799.625035840603,1796.4437216937788,33037.441177594694,1200.0,0.3773572000209242
2025-02-23,48493.89913281865,-701.1138248398975,9600.410858802468,57393.19616678122,2533.637357800222,77079.92690232124,1200.0000000000043,0.2778233998687938
2025-02-24,45709.95904915122,269.0317966032702,7165.65274393815,53144.64358969264,1609.7977798177565,74020.92512513124,1200.0000000000005,0.35307339997962117
2025-02-25,47135.8803889487,-1716.8076491870186,8575.207136584206,53994.27987634589,2088.266753153809,70445.30286321082,1200.0000000000023,0.24254339991603047
2025-02-26,42808.72804017429,2543.6507692065943,7308.373753054011,52660.75256243489,1820.619599118529,73320.82498114351,1200.000000000004,0.34929910011123866
2025-02-27,43410.410655219224,892.8411460828521,7669.856050391418,51973.107851693494,1777.419458214089,71226.81802919669,1200.0000000000011,0.3825881000375375
2025-02-28,15720.705483106904,142.57798774665196,7745.565436177132,23608.84890703069,1863.9909675074016,30226.850194327708,1199.9999999999964,0.36879180010873824
2025-03-01,19237.27703406643,73.42507016073704,6397.484771468768,25708.186875695934,1411.2655447413458,37605.97054171946,1200.0000000000011,0.4318310000235215
2025-03-02,49887.55713163232,44.4093000081825,7308.354139258673,57240.32057089917,1642.7373547513398,80150.89405796345,1200.0000000000007,0.35145469987764955
2025-03-03,50873.822663433326,-1059.4005033748522,9399.506533112006,59213.92869317048,2335.9925485365006,76238.04327040914,1200.000000000001,0.2506184000521898
2025-03-04,45138.27997946477,311.3484730530381,9674.616187408623,55124.24463992644,2492.6185444789726,73917.87158493418,1199.9999999999993,0.32944820006377995
2025-03-05,47264.07614356401,-1874.6156728320739,10091.622419644245,55481.08289037619,2502.6970331941557,70794.50506333717,1200.000000000001,0.3896553000668064
2025-03-06,43986.228587246194,777.2537639611268,5273.550952254794,50037.033303462114,1481.6011207880283,71617.49686486559,1199.9999999999995,0.282075299997814
2025-03-07,16173.80729479785,20.4841414064731,8247.18603688302,24441.477473087343,2094.878225355769,29802.16513425378,1200.0000000000005,0.46139419998507947
2025-03-08,15149.134094600266,724.75292159626,5664.22582119273,21538.112837389257,1511.6422258932507,30019.36522925285,1200.0,0.3343948001274839
2025-03-09,46321.0790654773,-492.9089382614771,10000.902999844473,55829.0731270603,2545.8381353839773,70380.0467520291,1200.0,0.2870398999657482
2025-03-10,42461.585758791705,2775.233868305564,7259.1411049621875,52495.96073205946,2068.5954637142986,72358.015310607,1200.0000000000005,0.2736310000764206
2025-03-11,37734.70485786311,6553.685009322651,7928.349625435694,52216.739492621455,1912.1863573598127,68548.45348436663,1200.0000000000011,0.2884870000416413
2025-03-12,43368.78423018966,617.8387909136818,6681.153202407922,50667.77622351126,1888.356387797261,66292.2333520912,1200.0000000000023,0.32950110000092536
2025-03-13,43026.224860380134,552.2084010466651,8820.517995485014,52398.95125691181,1974.8710292516848,71342.49857140087,1199.9999999999977,0.30005060008261353
2025-03-14,13259.663709820094,1413.2743927583047,4552.885433243755,19225.823535822154,1255.4281297566718,26910.713468204747,1200.0000000000002,0.37576279998756945
2025-03-15,14890.810062782992,1004.998772619166,4496.14069781684,20391.949533218998,1124.2311468013718,30216.963877517323,1200.0,0.5770449000410736
2025-03-16,43398.27740252481,1891.4742467253652,5472.953043308589,50762.704692558764,1501.2340924606333,73273.79865185023,1199.9999999999998,0.44112370000220835
2025-03-17,38176.238459533204,867.6832847634421,12411.407444851595,51455.329189148244,2908.4059326821985,60483.94460317561,1199.9999999999995,0.4278598998207599
2025-03-18,43989.38186294584,-2121.7288906396657,7177.828543897938,49045.48151620411,1714.217483301608,65504.66306103328,1200.0000000000023,0.307688899920322
2025-03-19,36313.53331376248,4592.993070261801,7585.218286105703,48491.74467012998,2053.242873460974,64574.65779433045,1200.0,0.31372529990039766
2025-03-20,41417.799213425424,1031.3806451482521,13226.295735649108,55675.475594222786,3395.273732810854,64162.7164103217,1200.0,0.25766769994515926
2025-03-21,12644.760333787746,435.6811646974743,6591.424734353917,19671.866232839137,1698.8761023100735,24067.524029720786,1199.999999999999,0.3507242000196129
2025-03-22,15694.661771792007,179.5683624950184,3211.0115416690414,19085.241675956066,998.1762136297473,30567.244439565966,1199.999999999998,0.7211399000370875
2025-03-23,43934.118491748566,-1799.5913898848976,6750.3909438466235,48884.91804571029,1490.8877020504192,69415.92016788728,1200.0,0.43412670004181564
2025-03-24,39046.49355267397,54.7660526355283,6294.5935328269625,45395.85313813646,1790.8258279545848,62894.768969495024,1200.0000000000005,0.3020648999372497
2025-03-25,43479.79008727419,-726.7280444610348,8599.727139485129,51352.78918229828,2311.0985646363474,63926.528231152035,1199.9999999999998,0.31839899998158216
2025-03-26,37299.42411768982,-195.9871941611061,5732.4059868294535,42835.84291035817,1546.0907412657266,60052.31407698132,1199.999999999999,0.42203730007167906
2025-03-27,39827.74290464151,-913.6167103756673,11034.594785760057,49948.7209800259,2865.685135638843,61290.43110557381,1200.0,0.4165237999986857
2025-03-28,13139.01844483272,-30.298656373809308,3983.93684540751,17092.65663386642,1023.9196796517365,25273.79929000863,1199.9999999999998,0.3891654000617564
2025-03-29,13421.92388456405,722.3184480885607,4267.512229130301,18411.754561782913,1039.8315196347053,27542.712262857065,1200.0,0.4026944999350235
2025-03-30,41042.0055642364,-2090.9761014000524,11936.647901638898,50887.67736447525,3029.5651963761647,62760.41851176611,1199.999999999999,0.36966450011823326
2025-03-31,33946.42138880855,5632.600801445365,8783.856362060083,48362.878552313996,2248.807097161725,60353.72263951336,1199.9999999999998,0.4118410999653861
2025-04-01,41067.584086878225,-490.62160817730495,5507.852366874847,46084.81484557577,1578.6130310877636,65413.52301071799,1200.0000000000018,0.4270393999759108
2025-04-02,39026.86172924221,1013.7581646162594,6415.272629778772,46455.892523637245,1621.6457271733968,65273.08621929599,1200.0,0.2674040999263525
2025-04-03,40384.100195117564,-1542.1720600881492,4867.166552592843,43709.09468762225,1326.6032414936105,61071.63791401637,1200.000000000001,0.34459510003216565
2025-04-04,11353.166504208592,427.07441215992765,4565.906258991161,16346.14717535968,1209.6660763735065,22517.75407931188,1200.0000000000002,0.3716254001483321
2025-04-05,12986.85682622694,837.6532471985153,11337.84420216623,25162.354275591686,2858.660115239742,26838.79567363628,1200.0,0.3185179999563843
2025-04-06,39593.08331769586,630.5100963713286,5347.065691072836,45570.659105140025,1392.245910467187,65573.61988548603,1200.0000000000005,0.45479689992498606
2025-04-07,32467.823280914068,2666.844928725345,8126.4887699859855,43261.1569796254,2116.06587501934,56695.794061379405,1200.0000000000023,0.30835900001693517
2025-04-08,38397.28935547361,-1360.9819213393653,8556.463727989085,45592.77116212333,1959.5849654053795,58800.26646216071,1200.0000000000007,0.32752439996693283
2025-04-09,37272.09212103858,906.9033908357134,6858.736538366575,45037.73205024087,1739.4363912262966,63735.357298058916,1200.0000000000018,0.4006377001060173
2025-04-10,36688.935323680445,-107.42180670105154,8501.208414598328,45082.72193157772,1965.3200273845582,59360.42706822338,1200.0000000000005,0.33197699999436736
2025-04-11,9999.110183956665,709.2030492097072,8700.84668732979,19409.15992049616,2174.7153129100743,20299.193025775705,1200.0,0.3804313999135047
2025-04-12,13614.71546035383,-148.87503450970638,4375.376345046067,17841.21677089019,1194.4073664843047,26523.67461288791,1200.0,0.7064891001209617
2025-04-13,36816.39803818404,1162.3691638055075,8769.558236924178,46748.32543891373,2178.1255016069153,63904.10773408496,1200.0000000000011,0.3248721999116242
2025-04-14,36326.307118549405,-1037.251297870017,13115.014619186546,48404.07043986593,3301.5773677459506,55117.05798373645,1200.0000000000005,0.5003082000184804
2025-04-15,31212.828173206628,2821.800164525381,7214.1338591560025,41248.76219688801,1701.1138471930358,53865.42472069939,1200.0000000000014,0.7014999999664724
2025-04-16,34958.319265301114,2002.441074986654,8379.688862775842,45340.4492030636,2178.3608461942417,59590.66394250587,1200.0000000000023,0.30452960007824004
2025-04-17,32046.818274411085,3090.8593969627223,8559.60928936714,43697.286960740945,2025.2352273807683,55680.62361594384,1199.9999999999998,0.42965609987732023
2025-04-18,10540.009060341294,197.12219265459345,8846.185908602747,19583.317161598636,2188.108194928661,21230.42669418412,1200.0,0.4577246999833733
2025-04-19,11809.20440206596,933.8142840529345,5946.523387390895,18689.542073509787,1523.8474892054933,25290.477610688315,1200.0000000000005,0.5603731999872252
2025-04-20,35084.168589833746,1414.7008292281243,8391.290570855781,44890.15998991765,2274.36600855958,62104.803924203516,1200.0000000000011,0.39917979994788766
2025-04-21,34433.58675620485,-587.200284752539,9821.330993410797,43667.71746486311,2660.325918397291,54042.18736310539,1200.0,0.34647260000929236
2025-04-22,30971.74891281389,3519.6437238448034,9361.340522473773,43852.73315913247,2590.0965332740734,55129.383917392275,1200.0000000000002,0.3767266001086682
2025-04-23,29841.03498495344,4254.142674882294,6908.869203994801,41004.04686383053,1839.7661780902536,55002.77765784439,1200.0000000000002,0.4089832999743521
2025-04-24,30771.72929232679,2425.9906684648845,7057.692456702401,40255.41241749407,2090.076475462545,54225.852879248065,1201.4762392400582,0.7015740001806989
2025-04-25,9517.969093415786,271.6364943119074,4710.433662346733,14500.039250074427,1301.3207390054504,18883.8147129019,1200.0,0.33105020003858954
2025-04-26,11823.345353884324,444.8526058564615,6621.957193026456,18890.15515276724,1707.8029498431683,24748.317319756203,1200.0,0.4622845998965204
2025-04-27,32461.54723350658,3421.650003881259,9047.494949372824,44930.69218676066,2120.2666062840876,59806.97939574208,1199.9999999999998,0.3848708000732586
2025-04-28,36212.23860143588,1562.7754774914865,5011.941436776564,42786.95551570393,1186.335220471318,62921.37994351455,1200.0000000000032,0.3344690001104027
2025-04-29,29951.80636022725,1817.7275768335467,5890.25098218146,37659.78491924226,1278.1277647379152,51264.20101441301,1199.999999999999,0.38050669990479946
2025-04-30,29211.54764538089,537.7416502571364,13903.605837415085,43652.89513305311,3666.4534206004437,48052.65856598065,1199.9999999999986,0.4743645000271499
2025-05-01,31741.566969523985,3457.074367768005,17916.733112218382,53115.374449510375,4258.221163343462,56221.061401785584,1200.0,0.4883618002058938
2025-05-02,10880.37280394164,520.4864208812594,13074.662457964156,24475.521682787054,3098.6488571470227,21491.77528824028,1200.0000000000005,0.562082199845463
2025-05-03,12048.611830854656,1278.804291154389,11461.910226882319,24789.326348891365,2561.0033388456895,25959.427318262897,1200.0,0.2998607000336051
2025-05-04,34940.01439521182,998.514832726806,20778.334104025816,56716.86333196444,5401.501978479802,59904.186685185385,1200.0000000000018,0.3481653000926599
2025-05-05,33513.80474957028,1455.0409710532228,15313.987044371064,50282.83276499457,3606.890300416396,56884.44603385269,1200.0000000000005,0.37583109992556274
2025-05-06,28670.833330954407,6647.5111825494205,15524.761893631965,50843.10640713579,3878.8344694444504,52329.589055727345,1199.9999999999998,0.5027421999257058
2025-05-07,31720.90088317509,6394.401912483037,12472.436244922234,50587.73904058036,2911.2822527777807,58447.230780041136,1199.9999999999995,0.3871668998617679
2025-05-08,35938.64381204636,1350.9632255678769,8772.389847351984,46061.99688496621,2149.2652082342156,60431.583452705105,1200.000000000001,0.404265699791722
2025-05-09,11224.199718915315,1005.287529417297,7236.237051988697,19465.724300321308,1701.6941665470295,21801.159950938643,1200.0,0.30072069994639605
2025-05-10,13652.095454386716,570.2850352936755,12145.50190507784,26367.882394758228,2950.179535666496,26011.574086297413,1200.0,0.508590699872002
2025-05-11,37563.91889722018,2131.5067439175045,10478.469343541652,50173.89498467934,2689.946827777774,64630.06104216701,1200.0000000000002,0.5359042000491172
2025-05-12,29750.59810300766,5028.473105082526,9129.966828516659,43909.03803660684,2363.112052777776,52099.425034273314,1199.9999999999998,0.4838944999501109
2025-05-13,36816.9100482511,1318.791200669178,12138.013194638883,50273.71444355916,2695.1732611111097,60617.56446587791,1200.0,0.3534739000024274
2025-05-14,35423.47560271504,2060.2373067034177,6448.477379313886,43932.19028873235,1579.9009555555544,58311.79996515775,1199.9999999999995,0.4198983999667689
2025-05-15,34623.1690350916,2662.982418730415,9330.765072222228,46616.91652604425,2288.7041305555567,55511.46538475582,1200.0,0.4587014998542145
2025-05-16,10989.861384099808,-216.68214656109026,9315.281296423613,20088.46053396233,2468.112227777778,19245.116285219476,1200.0,0.4949992001056671
2025-05-17,13541.307757164705,538.1968249798617,8320.15034527361,22399.654927418174,2076.3629027777783,26318.36174859397,1199.9999999999936,0.4835303998552263
2025-05-18,39720.1079089316,304.07886452000395,5032.928488244444,45057.115261696046,1464.4654527777777,66847.44531776407,1200.0000000000018,0.5258470999542624
2025-05-19,32337.363465610826,1044.354766667247,7154.769433735726,40536.487666013796,1678.186255331918,53798.53686399737,1200.0000000000014,0.46084289997816086
2025-05-20,32420.619198174194,3575.576664755758,10141.323346240242,46137.5192091702,2489.091265482073,57097.21037986823,1200.0000000000039,0.3839072003029287
2025-05-21,30224.21339810992,5740.1673667221985,7643.287163363822,43607.667928195944,1926.4090177885564,52602.27213476403,1199.999999999999,0.4829315999522805
2025-05-22,33497.39509266996,1035.4846016749307,10694.413484751978,45227.29317909687,2507.526672216103,56449.66635307572,1199.9999999999995,0.4861437000799924
2025-05-23,10353.315722709453,1149.9095904857618,5318.33829459988,16821.563607795095,1302.4818249449536,20716.633654776946,1200.0,0.2606526999734342
2025-05-24,13574.066605369833,-92.8280786071084,4665.117817017344,18146.35634378007,1166.5739495277758,25763.352279422284,1200.0,0.4350645998492837
2025-05-25,35772.04788144324,970.8217049457375,8056.53421263101,44799.40379901999,1884.6662304783613,62395.928150272055,1200.0000000000025,0.3816048998851329
2025-05-26,31390.172602019837,6031.79422007221,8077.931429978379,45499.89825207042,2061.367633811996,57754.250745692436,1199.9999999999998,0.45062660006806254
2025-05-27,30329.82881736712,5474.03195470752,8332.690261540107,44136.55103361474,2022.9498316380805,52017.4844471234,1199.9999999999995,0.4392923000268638
2025-05-28,35278.993967184404,1353.4404446939366,4268.589157858609,40901.02356973695,1272.1850543685932,61193.30041766148,1200.0000000000011,0.3808413001243025
2025-05-29,33146.2332614179,4616.282187410652,9271.67501174501,47034.19046057356,2368.9082128171094,58744.20703798448,1200.0000000000005,0.34588479984086007
2025-05-30,10560.53316410037,751.157449323711,5585.815578856757,16897.506192280838,1482.4471425753577,20082.956305911586,1200.0,0.30191100004594773
2025-05-31,14776.075348935905,-179.65035729219204,5170.843471146222,19767.268462789936,1394.7997424392265,27734.489454937786,1200.0,0.33254909981042147
2025-06-01,45728.0773471463,2316.0823451331744,28076.002088626912,76120.16178090639,7408.205472418981,77411.77115679452,1200.0000000000002,0.4390680000651628
2025-06-02,43479.32068696671,2735.2964590838533,21422.097005912132,67636.71415196269,6070.387045809035,67888.8598702773,1200.0000000000002,0.39949159999378026
2025-06-03,39442.37348004135,10135.204981639516,16662.887267915285,66240.46572959615,4758.93231388889,71772.32206936419,1200.0000000000002,0.3117121000541374
2025-06-04,46261.043027061925,3882.4365085557906,17621.583702145577,67765.06323776329,5258.224297828563,70289.370689862,1200.0,0.29329729988239706
2025-06-05,39100.74897554583,8767.296533385721,17941.513482126396,65809.55899105794,5281.305241666669,71970.19618745473,1200.000000000002,0.35988919995725155
2025-06-06,12817.0138590658,6485.266095564396,23296.334568493046,42598.614523123244,6509.2690722222205,27423.573283246915,1200.0,0.43494599987752736
2025-06-07,16392.95944322915,8326.200673021385,16567.67278905834,41286.83290530887,4681.296061111113,38470.20011155692,1200.0000000000007,0.43485159997362643
2025-06-08,45222.92325155397,3011.444027158458,7218.015880627976,55452.3831593404,1994.7962020136051,74153.73701349756,1200.0000000000002,0.6357023001182824
2025-06-09,49840.32803300524,-1666.4481848690518,9777.637813719748,57951.517661855934,2486.636192456658,74954.59996615059,1199.9999999999993,0.3055758000118658
2025-06-10,45636.05495970481,1773.0887719243458,10770.152460439725,58179.29619206888,2955.0542813156553,75117.00939463743,1200.0000000000002,0.2903505000285804
2025-06-11,50085.722363347726,3993.6703619185173,7845.873219476858,61925.2659447431,1843.4854404236207,81844.26164448328,1200.0000000000002,0.32753299991600215
2025-06-12,48391.9967525564,-446.88342386819943,10368.781730363098,58313.8950590513,2379.4497884178627,76697.5573261049,1200.0000000000002,0.7520615998655558
2025-06-13,17414.813868294885,2715.227615167516,4805.587747205072,24935.629230667473,1205.4238418918271,31005.18698112988,1200.0000000000002,0.48569150012917817
2025-06-14,19473.473615782197,-322.9019139126966,10025.157808562954,29175.72951043245,2689.6307395572185,32457.10148792527,1200.0,0.5776417000452057
2025-06-15,47632.20416703822,3996.072559929289,6816.582824389475,58444.85955135698,1587.37916345442,83436.3552253631,1200.0000000000007,0.4766834999900311
2025-06-16,46745.6417037951,2222.042258347468,8541.71069832192,57509.39466046449,2198.128797354991,77756.89523210902,1199.999999999999,0.7961124998982996
2025-06-17,47293.59185474004,3653.93844297603,10577.171389979012,61524.70168769509,2555.0112019514936,78939.53959992557,1200.0000000000002,0.3890282000647858
2025-06-18,47896.48211520675,2942.8934469206615,6290.42305124614,57129.798613373554,1542.7497475896446,77588.81911860159,1200.0000000000002,0.29974109993781894
2025-06-19,44664.866890727804,2827.112529757439,10622.866704531067,58114.84612501631,2859.1645201051488,72624.62854363227,1200.0000000000002,0.3119088999228552
2025-06-20,16831.25996737755,-428.22218421371247,6409.579591458299,22812.61737462214,1771.488962666077,26247.880440988738,1199.9999999999995,0.6707916000159457
2025-06-21,19179.41255646516,439.22931418488713,2833.6896785129275,22452.331549162973,823.9470059590792,34242.490207594776,1200.0,0.6393710002303123
2025-06-22,45469.78869217448,3385.736847181387,10618.110547545153,59473.636086901024,2637.1534961256375,77368.09816025713,1200.0000000000002,0.6439093999797478
2025-06-23,44401.05809864893,920.4723236564024,8683.138600405448,54004.669022710776,2161.102182996099,72019.98652746323,1200.0000000000002,0.33185760013293475
2025-06-24,51793.10935957874,796.70214256289,7312.333580576057,59902.14508271769,2117.083916733533,81473.21386696087,1200.0000000000002,0.4009945000289008
2025-06-25,44529.813644479174,3037.5367072808476,8514.41186153961,56081.762213299626,1972.0159324985248,75771.78550377107,1200.0000000000002,0.3178388000233099
2025-06-26,43735.579102752774,2681.7858005587273,6569.279854389768,52986.644757701266,1712.1918582013125,73480.7768073791,1200.000000000001,0.349893799982965
2025-06-27,16918.37292633714,-742.031851307845,8790.314794714996,24966.65586974429,2196.6572786937822,27170.835980662854,1199.9999999999989,0.4739056999096647
2025-06-28,17837.42995949614,226.28242970778211,5795.354088163127,23859.06647736705,1467.0163976677136,31455.970339193227,1200.0,0.569769199937582
2025-06-29,44438.51115447882,4726.905030189418,11614.464430513694,60779.88061518193,3129.758522783258,79541.43983281916,1200.0000000000002,0.5722994001116604
2025-06-30,45796.18577520171,1128.8958201587197,10124.480713156736,57049.56230851717,2749.0301608326986,74189.93805015986,1200.000000000002,0.34212409995961934
2025-07-01,39827.28665206641,10340.323452395869,31844.350653049958,82011.96075751224,9768.443219834928,74529.6852162526,1200.0000000000002,0.3436587998876348
2025-07-02,37555.22345537093,11044.234215889206,21550.358073968855,70149.81574522899,7025.831975572952,70546.63803939283,1199.9999999999984,0.553822300164029
2025-07-03,42828.308711503356,14092.992164481602,21848.514315168723,78769.81519115368,6966.559523184529,81125.16309609968,1200.0000000000002,0.40874049987178296
2025-07-04,13649.742597329416,7715.261276229168,20706.851252038898,42071.85512559748,6705.171921067045,29263.193303493164,1199.9999999999995,0.3645103999879211
2025-07-05,16873.18521432728,8234.032844061036,22460.778535801386,47567.9965941897,6901.367797222221,37377.835169547325,1199.9999999999984,0.4734957000473514
2025-07-06,41982.46869954359,20633.332120996292,15268.370303258347,77884.17112379822,5221.369383333336,88619.1329187661,1200.0000000000002,0.4279504999285564
2025-07-07,39413.77274123814,11450.481323891327,18048.294678001395,68912.54874313087,6186.309555555557,74011.43210356653,1200.0000000000002,0.3609077000292018
2025-07-08,51816.39234585171,419.3579384099554,11017.643755005553,63253.39403926722,2766.703947222222,79428.92889742934,1200.0000000000018,0.3700492000207305
2025-07-09,51419.79410998746,82.02397894947806,12566.406290230552,64068.22437916749,2897.1280916666656,78022.68636622085,1200.0000000000002,0.2519699999829754
2025-07-10,48183.650461767,2942.2806012832625,8797.99559244166,59923.926655491916,2606.4476999999993,77906.50890061077,1200.0000000000002,0.3108567000599578
2025-07-11,23409.122862196207,-633.3353462916687,7308.482844641658,30084.270360546197,1856.8002194444427,36194.788161042525,1200.0,0.4018848999403417
2025-07-12,23873.226990391948,2240.202957483327,7487.08243260416,33600.512380479435,1901.3992333333322,41857.352477160486,1199.999999999999,1.1464706999249756
2025-07-13,54760.596210707066,-1287.2515295866585,13413.619645998599,66886.964327119,3191.1050222222198,78251.94528120712,1200.0000000000002,0.323181499959901
2025-07-14,47816.78529557501,2528.464930993913,8055.607957844445,58400.85818441337,1918.5654055555558,76936.25528045266,1200.0000000000002,0.26653129991609603
2025-07-15,50059.955666475376,-376.97245294508275,20333.568224012502,70016.5514375428,5021.101580555556,73020.69460881344,1200.0000000000002,0.27765539998654276
2025-07-16,48654.73076674507,1958.5116673574887,9116.434311469508,59729.67674557207,2586.173603487691,76808.37828648262,1200.0000000000002,0.28478289989288896
2025-07-17,46936.91418310697,1972.8605895023984,14829.134752504158,63738.90952511353,3637.5885499999986,75155.84475438032,1200.0000000000005,0.5592516999458894
2025-07-18,22854.757375964546,144.2336731646747,10171.69789763054,33170.688946759765,2400.037572222219,35058.50878511659,1200.0000000000002,0.5244302999926731
2025-07-19,25391.12694921067,334.9853398430968,5955.663498366661,31681.775787420425,1692.4776222222208,40401.84513095507,1199.9999999999989,0.41811060009058565
2025-07-20,52579.620221146484,391.7389945789746,7795.840250934709,60767.19946666017,2074.9918138888856,84493.76227767489,1200.0000000000002,0.32148639985825866
2025-07-21,51372.37731882869,1674.980529068204,8298.099853959491,61345.45770185639,2282.8209811356764,79239.39558403574,1200.0000000000002,0.2884851001435891
2025-07-22,47892.54929981345,7254.318100449347,8736.548806894263,63883.41620715706,2483.605560405513,79867.5858748233,1200.0000000000002,0.34506120008882135
2025-07-23,55055.71413597111,-2609.2111337795895,16371.96172901238,68818.4647312039,3898.819911230926,77182.3140278678,1200.0000000000002,0.37574630009476095
2025-07-24,54220.04835655827,-2286.137625001081,7136.882219267815,59070.792950825,1937.290366472675,78450.20509298472,1200.0000000000002,0.3132507000118494
2025-07-25,20788.17979124383,19.727744977985807,7109.621207529435,27917.528743751252,1754.3724458422666,33457.72708299024,1199.9999999999998,0.3907914999872446
2025-07-26,23659.001844086673,586.341249206762,5464.3230738200045,29709.66616711344,1572.6016140184115,40935.2726052708,1199.999999999999,0.5440638001309708
2025-07-27,50990.49567447949,2167.9487476361596,10321.407595826415,63479.85201794207,2744.0105285836503,84242.39759749951,1200.0000000000007,0.3818347998894751
2025-07-28,49936.23338634162,2211.2135367466913,11182.173282240958,63329.620205329265,2916.408893965724,81284.41799153705,1200.0000000000002,0.25583510007709265
2025-07-29,48717.77998859176,4951.175744854203,6531.633795196343,60200.58952864231,1587.2653026811836,83416.90659322118,1200.0000000000002,0.350401199888438
2025-07-30,44889.92202245442,9302.589581450653,4952.0314170169695,59144.543020922036,1414.2731466566058,81009.25780307842,1200.0000000000002,0.36351860011927783
2025-07-31,46511.06449766774,3924.4710152474595,12099.718601578585,62535.254114493786,2824.3225248336216,78920.79071269558,1200.0000000000002,0.3285035998560488
2025-08-01,20696.192618434838,57.40413193374525,6386.7765151280455,27140.37326549663,1793.1140931883097,32894.034458748036,1200.0000000000002,0.5203176999930292
2025-08-02,24021.5362011404,-164.59657626171932,10252.285084134253,34109.22470901293,2404.808187341635,39755.49973999234,1199.9999999999998,0.5775663999374956
2025-08-03,43877.620948219905,1534.270337559025,14691.963979308739,60103.85526508767,3485.771196725364,70386.39076322057,1200.000000000001,0.4935490000061691
2025-08-04,44877.524832911295,1283.5035538408647,12852.385761188585,59013.41414794074,3121.5019002331137,69411.7076754733,1200.0000000000002,0.5784793001366779
2025-08-05,43491.16128000947,2099.3047655881255,10690.742344242975,56281.20838984057,2588.729070641963,69253.30691758834,1200.000000000002,0.4969559001037851
2025-08-06,48928.288964974054,-702.1029055762021,9964.220966136596,58190.40702553444,2513.07439323572,72909.16998746642,1200.0000000000002,0.4954517000587657
2025-08-07,47820.21958767059,-770.8701237466272,10586.388299938833,57635.737763862795,2783.994627684919,69480.33325914603,1200.0000000000002,0.3123440999770537
2025-08-08,20692.905052260867,-62.2092906858652,5150.328909905017,25781.024671480016,1271.9797445809309,33830.24076668927,1199.9999999999986,0.35050070006400347
2025-08-09,22538.761889680638,-29.467991083026448,5954.078636877666,28463.372535475275,1657.9166033284732,38013.42142618849,1199.9999999999989,0.30490200011990964
2025-08-10,48572.086087869306,-750.7662225693658,9805.696873353536,57627.016738653474,2609.385297100185,75418.28298785156,1200.0000000000002,0.3295196999097243
2025-08-11,43793.49313661582,1899.5335139602405,7676.574963405265,53369.60161398132,1807.0125584142743,71133.18565432203,1200.0000000000002,0.47870559990406036
2025-08-12,46272.594475395425,1170.4733388492082,8596.069730497205,56039.13754474184,2134.305598198739,72213.63208259163,1200.0000000000002,0.2711951000383124
2025-08-13,42156.832396862024,2749.8907230765803,10954.452498400864,55861.175618339475,2719.0413490595956,70092.24487838693,1200.0000000000002,0.3165413999231532
2025-08-14,44035.00008364867,3489.1730116969184,7551.736511945213,55075.90960729081,1809.6786329468096,72205.28350803118,1200.0000000000002,0.4149695001542568
2025-08-15,20966.741128613816,-424.0960018476342,7909.479924276177,28452.12505104236,2268.5073517722617,32961.83092578185,1199.9999999999995,0.4041101997718215
2025-08-16,24184.656534062677,-899.1006267162213,8075.863224527493,31361.419131873947,1921.945125492156,37300.616299493355,1200.0,0.5233431000960991
2025-08-17,48182.8412941624,-87.43929343532979,9020.8471777954,57116.24917852247,2123.2441768225,75790.22278383758,1200.0000000000002,0.6799828999210149
2025-08-18,44513.11049246258,504.80738182917617,10085.654826863114,55103.57270115487,2540.460679814608,69379.96589500741,1200.0000000000002,0.4339001999469474
2025-08-19,44058.44914715984,436.8454448129287,10743.004933961212,55238.29952593398,2479.01501863655,68703.46461755146,1200.0000000000002,0.5619864000473171
2025-08-20,48193.09139445272,809.9352879426782,10902.8312400924,59905.857922487805,2727.9750908997403,74584.77490200617,1200.0000000000002,0.3810572999063879
2025-08-21,46004.89544524731,258.34279947089954,10270.722632961042,56533.96087767925,2728.208205776655,69660.17035859037,1200.0000000000002,0.3643119001062587
2025-08-22,20550.171622399153,-209.04733685893902,9748.557603998015,30089.68188953823,2390.908158972059,32805.97663971914,1200.0,0.38799879990983754
2025-08-23,22426.06651932322,1331.2567644835037,5821.9314098836485,29579.25469369037,1571.3639126385676,40252.34122882287,1200.0,0.4443904998479411
2025-08-24,46414.38208958575,3875.7776740574413,9539.203866464983,59829.36363010817,2420.906851435457,74903.41136776883,1199.9999999999993,0.4887782000005245
2025-08-25,57452.92676001,-5007.581107714326,10834.4652155371,63279.81086783277,2581.3711354852157,75123.17865722204,1200.0000000000002,0.25753470009658486
2025-08-26,44683.70617484787,1655.5055376953317,7365.474217046455,53704.68592958966,1800.7955117973438,69647.99019748362,1200.0,0.3904113002354279
2025-08-27,45275.82812197333,5357.071916651802,6348.950015480749,56981.85005410588,1445.3198191629763,74783.74227307324,1200.0000000000002,0.35164250002708286
2025-08-28,43613.29688857024,6254.352897380538,12592.627769784101,62460.27755573488,3077.617159001453,74810.41370084492,1200.0000000000002,0.3150192000903189
2025-08-29,23022.099166046355,168.92068389834893,5797.755940974877,28988.77579091958,1371.328737579104,36200.31493971261,1200.0000000000005,0.29589629999827594
2025-08-30,23436.82292747288,-189.69228021690415,6233.493676986394,29480.624324242373,1654.1074049583829,38584.435731176665,1200.0000000000002,0.41118880023714155
2025-08-31,46917.39255410471,1630.4912993784787,10440.502293363123,58988.386146846315,2538.8984083153764,76815.80502818649,1200.0000000000011,0.4447967001469806
2025-09-01,49156.85839526144,-1927.4822338587508,2118.1546522454482,49347.53081364815,458.71298966486086,67990.76380769287,1200.0000000000002,0.2739729000022635
2025-09-02,43526.52851332234,105.54650097025183,5868.084901703338,49500.15991599593,1241.631019291181,65202.93767501264,1200.000000000002,0.3904560998780653
2025-09-03,46285.67008896565,-2476.707674098569,5306.9489235152705,49115.91133838235,1198.0476388888874,65155.894628120695,1200.0000000000005,0.3115482998546213
2025-09-04,46469.99546831542,-3295.031646184382,6823.471544730568,49998.43536686161,1804.8794861111144,63832.831211762685,1200.0,0.3551428000209853
2025-09-05,21348.16043296161,-3132.462530006664,6083.892335929151,24299.590238884095,1268.1166527777743,27756.670863134434,1200.0,0.28836629970464855
2025-09-06,23680.263047703458,-2500.018684490417,3531.527425398616,24711.77178861166,726.5594388888896,34481.404285528115,1200.0,0.25612380006350577
2025-09-07,46361.93375665485,517.0623461546779,4508.049176765278,51387.045279574806,1091.9617250000006,71693.95602078189,1200.0000000000002,0.41692370001692325
2025-09-08,39236.5940356079,4607.499802549502,4544.862984016668,48388.95682217407,1209.038588888889,66807.50634672667,1200.0000000000002,0.3233844998758286
2025-09-09,35014.431472284836,3482.3621800545693,7361.908950294455,45858.70260263386,1793.8008375000024,57696.32357904664,1200.0,0.6091355998069048
2025-09-10,40503.1628895163,2579.694079161423,9081.583140348273,52164.440109026,2223.132413194447,65513.84971005657,1200.0,0.3817965000635013
2025-09-11,40382.3419570057,-2234.258814528818,13013.875529576399,51161.95867205328,3072.448413888892,57953.02518916666,1200.000000000001,0.3131719999946654
2025-09-12,15044.878568739103,1785.6376830484223,5263.624334843056,22094.14058663058,1441.1687722222223,27264.44212514095,1200.0,0.40786420018412173
2025-09-13,16992.413885065605,1789.445685528612,3926.232538725001,22708.09210931922,1038.1597861111115,32273.02960435528,1200.0000000000014,0.40745140006765723
2025-09-14,45569.84863745172,674.1723933686401,6789.211275091664,53033.232305912024,1846.1181499999993,70469.7381755487,1199.9999999999995,0.5179402000503615
2025-09-15,36699.38982833921,975.0280962945028,11927.723615548668,49602.14154018238,2793.7906833333454,58473.28535192317,1199.9999999999977,0.4972889000782743
2025-09-16,42911.88910308687,-224.23738062739403,4919.373974525002,47607.02569698448,1379.373044444445,65457.33980109739,1200.0,0.2857824999373406
2025-09-17,41095.16147683163,-294.7440248685762,8203.028151145832,49003.445603108885,2261.2302416666666,63522.692368724274,1200.0000000000005,0.36295440001413226
2025-09-18,37063.3523288899,5791.263111008219,5949.177244980545,48803.79268487867,1423.2964444444426,64889.44006903292,1200.0,0.43884800001978874
2025-09-19,15602.59663029006,291.6655813877799,6928.7895533069495,22823.05176498479,1818.9464277777793,26777.4898664609,1200.0,0.3374116999329999
2025-09-20,17717.084529821965,456.6619900616674,7694.982946229162,25868.729466112796,1941.1901111111101,31854.66705198903,1200.0,0.8069449999602512
2025-09-21,42735.06695952366,-16.266643785608778,7173.824394857191,49892.62471059524,1691.9481850333218,69522.2538076668,1200.0,0.4676884999498725
2025-09-22,43286.23641785498,-1489.7647879923309,10771.533852402008,52568.00548226466,2953.4511773590357,63251.627268852346,1200.000000000001,0.3009799999417737
2025-09-23,42794.21410250752,-740.8483711278033,8461.038139716155,50514.40387109587,1913.8939572377176,66693.08367858971,1200.0000000000005,0.3564524998655543
2025-09-24,37690.36217111722,3899.13890186109,7610.087662460727,49199.588735439036,2134.1212625173143,64809.76629736828,1200.0000000000005,0.35771370003931224
2025-09-25,40436.10436134611,2999.560737157417,6338.166103805401,49773.831202308924,1767.1292449094367,67434.60092977536,1200.0000000000002,0.2945747000630945
2025-09-26,16535.533552521083,-559.6315513691917,5688.592783964244,21664.494785116134,1485.7391268955166,27522.048493145274,1200.0,0.41043550008907914
2025-09-27,17540.519770506882,1347.0146638930798,8843.834078640819,27731.36851304078,2353.1729457375777,32654.71621207677,1200.0,0.6369520999724045
2025-09-28,42489.267423671474,5983.528008054821,5794.268554838002,54267.063986564295,1618.3596028172747,74279.63462898626,1200.0000000000005,0.2829093999462202
2025-09-29,43165.56579651561,-538.2538070615634,15110.390254431157,57737.70224388521,3849.373297441661,64745.218427961474,1200.0000000000002,0.3141447000671178
2025-09-30,42782.80224037632,2568.3994629792774,7659.817206460979,53011.01890981657,2091.522297953497,70085.1249978605,1199.9999999999993,0.3040906998794526
2025-10-01,39464.62580234123,-361.5939709345254,1865.7233984449083,40968.75522985161,502.32299937063203,60848.06239946913,1199.9999999999998,0.36650889995507896
2025-10-02,43764.54951133861,-3144.113538913807,2837.7666221566597,43458.20259458147,838.2604927649177,60407.7940012995,1200.0000000000007,0.5281266998499632
2025-10-03,14661.878180524742,340.42382578899384,4161.244498184982,19163.546504498718,1088.5046589927697,26594.366153272,1200.0,0.6462946999818087
2025-10-04,18904.199913860142,-847.9860116109528,5946.381767559411,24002.5956698086,1536.0859385178412,32551.00675991927,1199.9999999999989,0.30035620008129627
2025-10-05,44515.60352657534,-2015.3838313637532,4773.033071017578,47273.25276622916,1434.0659490954617,64880.36129981986,1200.000000000002,0.4218309000134468
2025-10-06,38416.856379676174,2550.900746202114,5855.205040111653,46822.962165989935,1710.0352468637543,62995.795992211235,1199.9999999999995,0.4547126000979915
2025-10-07,39404.02309803167,2373.6056748325327,3933.0844525402786,45710.713225404485,1100.2483472222225,64041.327875617266,1200.000000000001,0.3285226000007242
2025-10-08,35150.58140072333,1572.063166434884,9038.696233529176,45761.34080068739,2140.2724972222236,59590.754237833324,1200.0000000000005,0.35577189992181957
2025-10-09,41333.693821787696,-2249.6811966086984,11679.809177184718,50763.82180236372,2719.1843805555554,58047.74988179012,1200.0000000000002,0.4000299997860566
2025-10-10,13890.581643859729,360.3867427688869,7380.633699034723,21631.60208566334,1963.2468000000003,26196.229929526744,1200.0,0.3836394000099972
2025-10-11,16046.426850301614,932.3157046013755,4231.256395936114,21209.998950839105,1026.6504027777787,32058.05856296296,1200.0000000000002,0.5836276999907568
2025-10-12,38953.411901429216,310.3690737443815,11778.946027673614,51042.72700284721,2700.245919444445,65015.69015504114,1200.0,0.6211585998535156
2025-10-13,38994.14102252203,-633.4273492093417,12047.240407840261,50407.95408115295,2893.36120833333,59233.28863333333,1199.9999999999995,0.3978962000692263
2025-10-14,40599.62672477499,1358.426228626547,12804.639155306959,54762.69210870849,3487.732975000003,63013.664258058634,1199.999999999999,0.3584289998980239
2025-10-15,42685.39240724803,-1173.1557320931558,13646.986000573612,55159.22267572849,3579.6101444444457,63223.278218973246,1200.0,0.4831183998612687
2025-10-16,40704.790499930474,1798.339533760094,7122.511874459734,49625.641908150305,1922.0624638888914,66890.75394125514,1200.0,0.414291400113143
2025-10-17,13472.383944264791,1577.1668131881022,7014.280566315289,22063.831323768183,1600.7524672372358,26803.960128138166,1199.9999999999986,0.7578255999833345
2025-10-18,16687.17682993271,-150.4468275256385,6755.195740185572,23291.925742592644,1824.8243274774613,30659.299466498687,1200.0,0.6603629000019282
2025-10-19,43785.12324304994,-337.62081067597865,10333.637937268682,53781.14036964264,2553.635130062845,70724.45043342843,1200.0,0.3070955998264253
2025-10-20,44827.9507911846,-1273.147385858263,7509.947711295326,51064.751116621665,1924.015146891099,68482.34149728014,1200.0000000000002,0.3366189000662416
2025-10-21,43739.42934168546,430.0008317292147,5630.7384191249275,49800.16859253961,1415.1367213627016,70873.11410371805,1200.0000000000005,0.4217192999785766
2025-10-22,41837.04961930012,2210.751666621032,8186.530104959636,52234.3313908808,1989.5821871376597,69113.73508414566,1200.000000000001,0.46662990003824234
2025-10-23,48725.4537613625,-2570.3233115012727,10631.226806424202,56786.35725628543,2794.0288142309405,66232.34618255791,1200.0000000000007,0.30911170004401356
2025-10-24,15003.128501490006,726.7318843646703,7074.135698014608,22803.996083869286,1719.6235865832793,29225.52239238549,1200.000000000001,0.5310987998964265
2025-10-25,16043.185505606154,736.6361760308581,7610.566961135685,24390.388642772697,1892.144497861077,31935.137339746572,1200.0,0.5159111999673769
2025-10-26,46818.891445536254,-619.5020620389042,10323.549966736915,56522.939350234265,2805.912895812052,71143.99171647767,1200.0000000000002,0.3533508999971673
2025-10-27,41224.27321962114,3678.5937865087226,4874.439762593898,49777.30676872376,1238.649592519335,69722.88527094023,1200.0000000000007,0.4973952000727877
2025-10-28,41055.1269105321,3471.2808883856105,6127.8322407715,50654.24003968921,1646.3945883764432,70110.19144524731,1200.000000000001,0.42086629976984113
2025-10-29,46051.606658903125,721.0165482334734,5165.102070959007,51937.725278095604,1330.7124007535176,74492.63709147811,1199.9999999999984,0.5039473999058828
2025-10-30,40408.64371619858,2336.180457973437,11280.505221747688,54025.3293959197,2866.014988884269,67512.22637565505,1199.9999999999995,0.3639615001156926
2025-10-31,16864.94987192715,-196.94088027749967,6366.4614207554805,23034.47041240513,1586.9691965510297,30240.77962332169,1200.0000000000002,0.5668618000345305
2025-11-01,17019.31327359249,871.7383556141086,6010.7829656306085,23901.834594837208,1625.2607274322008,33150.12505850507,1199.9999999999982,0.32649200002197176
2025-11-02,45702.478280699965,2883.167932583985,7106.956036049141,55692.6022493331,1700.6458135486798,76550.75740357663,1200.000000000001,0.30910909990780056
2025-11-03,47307.95879727951,-1065.7770511798597,6955.633937923714,53197.81568402337,1819.1393036087352,73379.60389072282,1199.9999999999995,0.2525729000335559
2025-11-04,43595.95822007206,1828.6169765454445,8390.833806397708,53815.409003015215,1978.887658046447,72248.97407813049,1200.0,0.36532789992634207
2025-11-05,49252.170428702775,-764.3412685373751,7825.567518823029,56313.39667898843,2174.1401308542518,73612.3802392126,1200.0000000000002,0.26397169998381287
2025-11-06,45276.64453036369,2391.9963751104683,7776.096992323765,55444.73789779792,2002.881085627183,75358.09964079538,1200.000000000001,0.34974410000722855
2025-11-07,16292.190525451904,625.0172281975433,5889.784046528563,22806.99180017801,1533.4289651013053,31607.094440624067,1200.0,0.9526287000626326
2025-11-08,17049.428331837946,1353.843599880125,5425.686583748531,23828.958515466602,1311.4450207042048,34386.132014879986,1200.0,0.38833680003881454
2025-11-09,48413.33141261291,734.852141511413,6393.833323061821,55542.01687718615,1770.3510163173396,78400.68883757098,1200.0000000000002,0.2837726001162082
2025-11-10,47853.83040751885,2749.1832509502383,6245.8876822536895,56848.90134072278,1526.648059286682,79555.84095038415,1199.999999999998,0.2679522999096662
2025-11-11,49504.46438885105,-961.1839504746507,6527.175235562763,55070.455673939156,1651.1491487072672,75914.17070524846,1200.0000000000005,0.2818264999659732
2025-11-12,46991.62424949354,2670.2113908320457,6838.44827888739,56500.283919212976,1513.8709209211047,76361.7080637115,1200.0,0.28319220000412315
2025-11-13,45832.09350349355,2747.3426227101845,8353.13840465694,56932.57453086067,2207.0147736701897,76477.00520972032,1200.0,0.3431147000519559
2025-11-14,17212.674001458312,2167.3497994499853,5523.888899031327,24903.912699939625,1521.3691138978327,34658.3945069815,1200.000000000001,0.3804337001638487
2025-11-15,18967.28969876496,-129.29958616621462,6764.748539316453,25602.7386519152,1750.7248544714796,35713.59993907468,1199.9999999999995,0.5421553998021409
2025-11-16,48038.03615092307,3551.431806836773,6532.6639933144315,58122.131951074276,1739.528584915381,80478.81976779203,1200.0000000000027,0.332714399904944
2025-11-17,46059.46011297472,6453.530213960217,4581.9051197769795,57094.89544671191,1264.6254331408218,79158.31072878782,1200.000000000001,0.34392270003445446
2025-11-18,48046.59202138941,2421.456925269349,8013.692473339899,58481.74141999866,2182.5252881672295,78656.60880951211,1199.9999999999995,0.3709719000617042
2025-11-19,47180.99746363037,6551.545866580179,5186.026542748761,58918.569872959306,1439.492484210985,81247.6062613149,1199.999999999999,0.3476053000194952
2025-11-20,47297.58790033744,3249.3597478230045,6482.731356572138,57029.67900473259,1640.397136305212,79250.21805682525,1200.000000000001,0.3016786000225693
2025-11-21,17318.265344059517,650.3928196127365,4699.8262229126785,22668.484386584933,1449.4809413884618,33000.70327391102,1200.0,0.561008199932985
2025-11-22,19861.35124684409,79.46669635029495,4674.343559294683,24615.161502489063,1244.4603858284727,37984.13091335255,1200.0,0.5467587998136878
2025-11-23,48384.28250164815,4462.350490787346,5380.6806999834935,58227.31369241899,1364.664982942489,80724.43988045958,1199.999999999999,0.33882020006421953
2025-11-24,46659.0410469794,2392.2297221053236,8771.93411126945,57823.20488035417,2316.9477335281817,77448.65443261538,1200.0000000000027,0.39243280014488846
2025-11-25,54945.375411902976,-2033.9530814043299,5276.825413193428,58188.247743692074,1476.7461489806058,81028.76745581935,1199.9999999999995,0.3789868999738246
2025-11-26,51435.07379698068,1342.7790289667419,5045.804346500878,57823.65717244829,1262.3893574887893,82913.00834845488,1200.0000000000005,0.3160882000811398
2025-11-27,49802.899540155224,2653.859875733396,5152.610023774503,57609.369439663125,1288.1907721147932,81566.54068499745,1200.0000000000018,0.3100037999683991
2025-11-28,18200.265113528218,291.5932115031317,7449.197073666603,25941.05539869795,1762.3964726982422,34657.75413893535,1200.000000000001,0.39308720000553876
2025-11-29,23144.40856562734,-167.75023954007284,3456.1837043403384,26432.842030427604,966.6780016100614,41213.158307598205,1200.000000000001,0.388504600035958
2025-11-30,51495.440293655825,3695.672045813743,6386.573895020505,61577.68623449007,1553.6585505723833,85051.47263815053,1200.0000000000014,0.31350899999961257
2025-12-01,54656.78184424494,2058.988198936723,19130.292458379306,75846.06250156097,5568.240559190699,87064.62256923821,1199.999999999999,0.3713720999658108
2025-12-02,56163.171084627465,2054.0815574897324,17590.417182979978,75807.66982509718,4867.06941525141,89617.34319731957,1200.0000000000016,0.29053050000220537
2025-12-03,49625.567208339824,12616.167766765437,10344.278507955994,72586.01348306125,3668.201923740519,90368.64219341433,1200.0,0.2729306999826804
2025-12-04,54874.24521949387,5252.129148554014,14175.651452211727,74302.0258202596,4480.274861083979,88786.52130281426,1200.0000000000005,0.2847201001131907
2025-12-05,20122.351093401663,5603.220332237915,8389.7551045822,34115.32653022178,3018.3506677220876,44306.397713175524,1200.0,0.4326075999997556
2025-12-06,21465.738278027864,5221.9560782445715,11254.57485864891,37942.26921492134,3742.239242364315,46164.500509900936,1200.0000000000005,0.3534461000235751
2025-12-07,56849.14600648954,3724.713146977238,13769.314668138188,74343.17382160496,4546.109008970902,89631.82805881079,1199.9999999999998,0.22788189991842955
2025-12-08,61500.10336454977,480.22694124573036,4450.1680208177495,66430.49832661325,1129.6111836214673,94920.98831659395,1199.9999999999989,0.4622778999619186
2025-12-09,61149.28035874908,-241.84453486096623,6479.503898108353,67386.93972199646,1557.1679715984078,92837.17560009244,1200.000000000001,0.20530429994687438
2025-12-10,57633.817010223094,3341.787535359081,6723.79237761802,67699.3969232002,1663.6045995940326,93258.30434325259,1200.0000000000011,0.3413674000184983
2025-12-11,60598.81686115591,-1178.010577074277,6444.816227858093,65865.62251193973,1556.2268780691968,91848.48708986936,1200.0000000000005,0.21477869991213083
2025-12-12,24212.55681959035,2717.7063110906447,8256.188258039794,35186.45138872079,1919.141662070401,49458.5661900555,1200.000000000001,0.4259787999326363
2025-12-13,25132.624494429165,1430.1955342032256,5572.13060064157,32134.95062927396,1280.8501048502524,48650.227465758086,1200.000000000002,0.3151112999767065
2025-12-14,57238.81419734276,3392.6092213202983,7954.249103463899,68585.67252212696,1823.7755473651978,93537.34593221391,1199.9999999999993,0.2824316001497209
2025-12-15,56598.482468024165,5711.107106544786,5827.0032606814675,68136.59283525041,1493.2708163981604,94668.34224465911,1200.0000000000005,0.219096599961631
2025-12-16,61000.82748006849,1842.5417439733112,3736.585084662736,66579.95430870453,1174.748219525562,95382.38768338399,1200.000000000001,0.2736490999814123
2025-12-17,60633.35082324971,-812.005217878672,7992.798591206847,67814.1441965779,1993.579359795063,92441.46584152417,1200.0000000000014,0.21473160001914948
2025-12-18,57642.94989132814,3456.447184100987,5686.0158305608165,66785.41290598994,1721.956185065028,92449.92551912421,1200.0,0.16843349998816848
2025-12-19,23229.33515114157,2671.9440533284946,8433.614112306033,34334.8933167761,2204.9278206418535,46800.36544949873,1200.0,0.3816526000155136
2025-12-20,24719.0896539015,268.5960592382331,6120.924065330091,31108.609778469825,1637.630850180894,47020.93811410583,1200.0000000000005,0.3835329001303762
2025-12-21,59758.084551910935,921.3517637039515,7696.340876997499,68375.77719261238,2214.5813795160884,93735.09483906132,1199.9999999999986,0.28008739987853914
2025-12-22,58419.4748842102,2095.1017838347957,7124.242321047055,67638.81898909205,1855.912128308416,93624.79313177174,1199.9999999999993,0.3002522001042962
2025-12-23,60111.84057261114,-316.00427246849347,5395.94966316465,65191.785963307295,1518.4411331715387,92164.51297135587,1200.000000000001,0.3435922999633476
2025-12-24,59581.97284287064,-9.746465451309213,7107.418403482592,66679.64478090192,1796.3081505803839,92913.33950056204,1200.0,0.3242158000357449
2025-12-25,56654.96326424296,2778.7709036918322,9029.03402660459,68462.76819453939,2310.05409759996,92326.22345727374,1200.0000000000005,0.4878938999027014
2025-12-26,23505.15533367522,1449.0829051241442,6072.968715732708,31027.20695453207,1756.777110709716,46825.6662350917,1199.9999999999995,0.32730630005244166
2025-12-27,24122.175395473485,916.9138142092442,6636.216158960451,31675.30536864318,1813.3911241519277,47496.15549638057,1200.0000000000023,0.36658340005669743
2025-12-28,58858.136141075796,90.14843174156312,7291.355689493244,66239.6402623106,1955.6217704559606,91801.31516722467,1200.0,0.5087608001194894
2025-12-29,57888.55157576443,2654.7180909182375,3922.235237368242,64465.50490405091,1099.9556499725636,93938.80882187287,1200.0,0.4171016998589039
2025-12-30,58342.1069870427,530.1870038277291,8606.257350898071,67478.5513417685,2362.2673862416564,90338.10045941605,1200.0,0.5360968998866156
2025-12-31,59614.923013508334,462.0052206097088,6649.785553494393,66726.71378761243,1812.6589904526322,93601.42451128895,1200.0000000000007,0.36453029979020357
